player_name,matches_played,primary_role,total_runs,balls_faced,batting_average,batting_strike_rate,fours,sixes,boundary_run_pct,dot_ball_faced_pct,highest_score,thirties,fifties,death_overs_strike_rate,overs_bowled,wickets_taken,economy_rate,bowling_strike_rate,bowling_average,dot_ball_bowled_pct,three_plus_wickets,death_overs_economy,player_of_match_awards,batting_impact_index,bowling_impact_index,clutch_match_winner_index,overall_performance_rating,performance_tier,performance_tier_code,estimated_auction_val_cr
A Ashish Reddy,23,Specialist Bowler,280,196,18.67,142.86,16,15,55.0,31.12,36,2,0,144.59,45.0,18,8.58,15.0,21.44,29.26,1,9.31,0,67.62,77.72,3.0,79.9,Core / Star,1,10.8
A Badoni,35,Specialist Batter,634,505,24.38,125.54,46,24,51.74,36.24,59,6,4,147.86,4.2,2,9.5,12.5,18.0,20.0,0,10.5,0,67.86,15.0,10.0,74.8,Core / Star,1,6.8
A Chandila,12,Bowling Specialist,4,7,4.0,57.14,0,0,0.0,42.86,4,0,0,57.14,39.0,11,6.21,21.27,22.0,44.02,1,10.5,1,19.9,96.61,7.0,64.1,Developing / Squad,0,2.6
A Chopra,6,Squad Batter,53,75,8.83,70.67,7,0,52.83,60.0,24,0,0,50.0,0.0,0,10.5,50.0,60.0,25.0,0,11.0,0,36.64,15.0,0.0,64.0,Developing / Squad,0,2.6
A Choudhary,5,Bowling Specialist,25,20,25.0,125.0,1,1,40.0,20.0,15,0,0,125.0,18.0,5,7.61,21.6,27.4,38.89,0,8.22,0,64.16,79.4,0.0,75.5,Core / Star,1,7.2
A Flintoff,3,Bowling Specialist,62,57,31.0,108.77,5,2,51.61,42.11,24,0,0,138.89,11.0,2,9.55,33.0,52.5,30.3,0,14.5,0,68.64,33.54,0.0,74.3,Core / Star,1,6.5
A Kamboj,3,Bowling Specialist,2,2,2.0,100.0,0,0,0.0,0.0,2,0,0,100.0,11.3,2,9.35,34.0,53.0,27.94,0,9.8,0,30.93,32.41,0.0,63.1,Developing / Squad,0,2.4
A Kumble,42,Specialist Bowler,35,49,11.67,71.43,3,0,34.29,48.98,8,0,0,77.27,163.8,45,6.27,21.84,22.82,38.05,5,7.07,3,37.36,91.91,27.0,84.9,Elite / Marquee,2,16.9
A Manohar,15,Squad Batter,231,181,16.5,127.62,21,10,62.34,38.12,43,3,0,154.41,0.0,0,10.5,50.0,60.0,25.0,0,11.0,1,64.8,15.0,4.0,73.3,Core / Star,1,5.9
A Mishra,162,Specialist Bowler,381,440,11.91,86.59,31,5,40.42,45.23,31,2,0,98.48,574.0,174,7.08,19.79,23.36,34.41,17,8.83,12,43.67,85.98,70.0,93.3,Elite / Marquee,2,24.5
A Mithun,16,Bowling Specialist,34,26,6.8,130.77,4,1,64.71,42.31,11,0,0,135.71,52.0,7,8.62,44.57,64.0,28.85,0,10.38,0,57.02,38.23,0.0,71.8,Core / Star,1,5.2
A Nehra,88,Specialist Bowler,41,63,5.86,65.08,3,1,43.9,58.73,22,0,0,65.08,329.0,106,7.36,18.62,22.85,40.43,14,8.33,6,32.46,88.46,54.0,87.4,Elite / Marquee,2,21.1
A Nortje,46,Specialist Bowler,49,51,8.17,96.08,6,0,48.98,49.02,23,0,0,96.08,182.8,60,8.33,18.28,25.38,36.55,4,9.21,3,44.37,77.49,24.0,81.2,Elite / Marquee,2,12.1
A Raghuvanshi,7,Squad Batter,163,109,23.29,149.54,16,8,68.71,34.86,54,3,1,0.0,0.0,0,10.5,50.0,60.0,25.0,0,11.0,0,64.57,15.0,2.5,72.4,Core / Star,1,5.5
A Singh,23,Specialist Bowler,2,10,0.5,20.0,0,0,0.0,80.0,1,0,0,25.0,81.0,28,7.44,17.36,21.54,38.89,3,9.89,1,6.64,89.34,13.0,80.6,Elite / Marquee,2,11.5
A Symonds,36,All-Rounder,974,781,36.07,124.71,74,41,55.65,39.44,117,14,6,148.73,90.0,20,7.29,27.0,32.8,35.19,1,10.09,3,77.62,70.25,30.0,81.1,Elite / Marquee,2,15.0
A Zampa,20,Specialist Bowler,15,25,3.0,60.0,1,0,26.67,52.0,7,0,0,54.55,70.8,29,7.72,14.66,18.86,30.35,3,10.21,1,24.88,87.52,13.0,80.9,Elite / Marquee,2,11.8
AA Bilakhia,7,Squad Batter,69,88,13.8,78.41,5,0,28.99,48.86,22,0,0,105.88,0.0,0,10.5,50.0,60.0,25.0,0,11.0,0,41.62,15.0,0.0,65.5,Developing / Squad,0,2.9
AA Chavan,13,Bowling Specialist,12,11,6.0,109.09,2,0,66.67,45.45,7,0,0,137.5,42.5,8,7.48,31.88,39.75,39.22,0,13.71,0,52.18,60.88,0.0,71.4,Core / Star,1,5.0
AA Jhunjhunwala,15,Bowling Specialist,217,218,16.69,99.54,19,5,48.85,44.95,53,2,1,130.19,14.7,1,8.59,88.0,126.0,30.68,0,10.5,1,54.29,39.44,6.5,71.5,Core / Star,1,5.1
AB Agarkar,42,Specialist Bowler,179,160,17.9,111.87,13,5,45.81,37.5,39,1,0,127.55,136.7,29,8.14,28.28,38.34,30.98,1,9.33,0,57.12,57.16,3.0,74.2,Core / Star,1,6.4
AB Barath,3,Squad Batter,42,43,21.0,97.67,5,1,61.9,51.16,33,1,0,40.0,0.0,0,10.5,50.0,60.0,25.0,0,11.0,0,53.08,15.0,0.0,68.7,Core / Star,1,3.9
AB Dinda,75,Specialist Bowler,26,50,2.6,52.0,2,0,30.77,62.0,7,0,0,48.78,264.8,69,7.5,23.03,28.8,39.46,5,10.44,2,23.21,78.0,23.0,81.3,Elite / Marquee,2,12.2
AB McDonald,10,Bowling Specialist,123,103,24.6,119.42,9,4,48.78,36.89,33,2,0,117.65,31.3,11,8.27,17.09,23.55,26.6,0,10.2,0,63.84,75.43,0.0,75.5,Core / Star,1,7.2
AB de Villiers,170,Specialist Batter,5181,3487,39.85,148.58,414,253,61.26,31.98,133,66,44,215.46,0.0,0,10.5,50.0,60.0,25.0,0,11.0,25,91.91,15.0,70.0,94.1,Elite / Marquee,2,24.5
AC Blizzard,7,Squad Batter,120,91,17.14,131.87,21,2,80.0,52.75,51,2,1,120.0,0.0,0,10.5,50.0,60.0,25.0,0,11.0,0,67.18,15.0,2.5,73.1,Core / Star,1,5.8
AC Gilchrist,80,Specialist Batter,2069,1555,27.22,133.05,239,92,72.89,47.4,109,26,13,196.88,0.2,1,9.5,1.0,0.0,100.0,0,10.5,7,79.62,15.0,58.0,83.9,Elite / Marquee,2,15.4
AC Thomas,15,Bowling Specialist,20,19,10.0,105.26,1,1,50.0,42.11,12,0,0,105.26,54.5,14,7.23,23.36,28.14,38.53,1,9.46,0,48.7,79.6,3.0,71.5,Core / Star,1,5.1
AC Voges,7,Squad Batter,181,143,45.25,126.57,15,3,43.09,30.77,45,2,0,151.79,9.3,0,7.93,45.0,55.0,26.79,0,10.5,1,82.88,15.0,4.0,78.3,Core / Star,1,9.3
AD Hales,6,Squad Batter,148,119,24.67,124.37,13,6,59.46,40.34,45,3,0,120.0,0.0,0,10.5,50.0,60.0,25.0,0,11.0,0,67.29,15.0,0.0,73.1,Core / Star,1,5.8
AD Mascarenhas,13,Specialist Bowler,79,79,8.78,100.0,5,1,32.91,36.71,27,0,0,119.51,51.7,19,6.83,16.32,18.58,40.0,2,9.11,1,44.25,98.02,10.0,84.6,Elite / Marquee,2,16.4
AD Mathews,44,All-Rounder,724,599,23.35,120.87,44,29,48.34,34.56,65,8,1,147.06,134.5,27,7.84,29.89,39.04,27.76,2,8.63,1,65.3,55.42,12.5,75.9,Core / Star,1,9.4
AD Nath,10,Squad Batter,90,99,9.0,90.91,7,2,44.44,45.45,24,0,0,88.0,0.0,0,10.5,50.0,60.0,25.0,0,11.0,0,42.37,15.0,0.0,65.9,Developing / Squad,0,3.1
AD Russell,112,All-Rounder,2488,1515,28.93,164.22,171,209,77.89,42.57,88,37,11,179.16,295.2,115,8.68,15.4,22.27,32.98,13,10.03,15,87.44,77.8,97.5,92.9,Elite / Marquee,2,24.5
AF Milne,10,Bowling Specialist,23,31,5.75,74.19,0,1,26.09,48.39,15,0,0,77.27,36.2,7,8.65,31.0,44.71,31.8,0,9.1,0,31.71,47.18,0.0,64.4,Developing / Squad,0,2.7
AG Murtaza,12,Bowling Specialist,10,14,10.0,71.43,1,0,40.0,50.0,5,0,0,71.43,44.8,9,6.78,29.89,33.78,37.55,1,10.8,0,36.76,70.91,3.0,67.3,Developing / Squad,0,3.5
AG Paunikar,5,Squad Batter,49,61,9.8,80.33,9,0,73.47,67.21,20,0,0,120.0,0.0,0,10.5,50.0,60.0,25.0,0,11.0,0,48.89,15.0,0.0,67.6,Developing / Squad,0,3.6
AJ Finch,90,Specialist Batter,2092,1696,24.9,123.35,214,78,63.29,44.16,88,27,15,153.26,7.3,1,9.0,44.0,66.0,29.55,0,10.5,5,70.5,15.0,50.0,80.8,Elite / Marquee,2,11.7
AJ Turner,6,Squad Batter,24,31,4.8,77.42,0,2,50.0,54.84,16,0,0,36.84,0.0,0,10.5,50.0,60.0,25.0,0,11.0,0,33.43,15.0,0.0,63.1,Developing / Squad,0,2.4
AJ Tye,30,Specialist Bowler,91,79,10.11,115.19,6,5,59.34,49.37,25,0,0,112.9,119.0,42,7.97,17.0,22.6,29.13,5,8.54,2,53.4,79.87,23.0,81.1,Elite / Marquee,2,12.0
AK Markram,42,Specialist Batter,995,787,30.15,126.43,73,35,50.45,30.62,68,14,5,169.7,20.5,2,8.29,61.5,85.0,26.02,0,10.5,0,73.92,40.11,12.5,78.3,Core / Star,1,9.3
AL Menaria,23,Specialist Batter,401,367,19.1,109.26,24,18,50.87,41.42,40,5,0,116.87,18.8,3,7.43,37.67,46.67,35.4,0,13.43,0,57.7,53.4,0.0,73.2,Core / Star,1,5.9
AM Nayar,50,Specialist Batter,672,588,17.68,114.29,55,20,50.6,39.8,45,6,0,155.0,39.8,9,7.81,26.56,34.56,28.87,1,10.5,0,60.5,62.75,3.0,76.0,Core / Star,1,7.6
AM Rahane,171,Specialist Batter,4642,3858,30.14,120.32,479,103,54.59,37.92,105,65,32,154.24,1.0,1,9.5,6.0,5.0,33.33,0,9.8,13,72.25,15.0,70.0,88.1,Elite / Marquee,2,24.5
AM Salvi,7,Bowling Specialist,0,0,5.0,60.0,0,0,0.0,60.0,0,0,0,100.0,26.0,7,7.31,22.29,27.14,36.54,0,8.71,0,24.51,79.88,0.0,63.9,Developing / Squad,0,2.6
AN Ahmed,17,Bowling Specialist,36,27,36.0,133.33,4,1,61.11,40.74,18,0,0,133.33,60.3,12,7.74,30.17,38.92,33.15,0,9.53,0,79.39,58.57,0.0,79.6,Core / Star,1,10.5
AP Dole,3,Bowling Specialist,34,23,17.0,147.83,3,1,52.94,30.43,30,1,0,157.14,12.2,5,8.63,14.6,21.0,27.4,0,9.69,0,67.93,77.07,0.0,76.4,Core / Star,1,7.9
AP Majumdar,4,Squad Batter,87,77,21.75,112.99,7,2,45.98,36.36,31,2,0,66.67,0.0,0,10.5,50.0,60.0,25.0,0,11.0,0,55.83,15.0,0.0,69.6,Core / Star,1,4.3
AP Tare,27,Specialist Batter,339,285,14.12,118.95,40,11,66.67,49.82,59,2,1,153.85,0.0,0,10.5,50.0,60.0,25.0,0,11.0,1,61.88,15.0,6.5,73.1,Core / Star,1,5.8
AR Patel,148,All-Rounder,1653,1318,21.47,125.42,107,79,54.57,35.66,66,15,3,143.54,525.3,123,7.06,25.63,30.14,32.39,4,8.31,8,65.81,73.81,51.5,87.9,Elite / Marquee,2,24.5
AS Joseph,22,Specialist Bowler,27,32,27.0,84.38,3,0,44.44,50.0,15,0,0,82.76,75.7,21,8.84,21.62,31.86,35.68,1,8.35,1,54.55,65.46,7.0,76.0,Core / Star,1,7.6
AS Rajpoot,29,Specialist Bowler,26,41,5.2,63.41,2,1,53.85,65.85,8,0,0,69.44,94.5,24,8.17,23.62,32.17,33.86,2,10.47,2,33.89,67.36,14.0,76.3,Core / Star,1,7.8
AS Raut,16,Squad Batter,194,172,21.56,112.79,13,7,48.45,38.95,36,2,0,111.11,5.0,0,8.8,45.0,55.0,20.0,0,6.5,0,59.46,15.0,0.0,71.3,Core / Star,1,5.0
AS Roy,9,Bowling Specialist,26,24,8.67,108.33,3,0,46.15,41.67,13,0,0,137.5,23.7,5,7.82,28.4,37.0,33.8,0,5.0,0,49.98,61.53,0.0,70.6,Core / Star,1,4.7
AS Yadav,6,Squad Batter,49,40,9.8,122.5,5,2,65.31,45.0,16,0,0,130.0,0.0,0,10.5,50.0,60.0,25.0,0,11.0,0,57.23,15.0,0.0,70.1,Core / Star,1,4.5
AT Carey,3,Squad Batter,32,29,16.0,110.34,0,1,18.75,27.59,14,0,0,110.34,0.0,0,10.5,50.0,60.0,25.0,0,11.0,0,48.61,15.0,0.0,67.4,Developing / Squad,0,3.5
AT Rayudu,185,Specialist Batter,4348,3490,28.05,124.58,359,173,56.9,36.5,100,60,23,162.62,0.0,0,10.5,50.0,60.0,25.0,0,11.0,10,72.65,15.0,70.0,86.9,Elite / Marquee,2,23.2
AU Rashid,3,Bowling Specialist,22,17,11.0,129.41,2,1,63.64,47.06,18,0,0,133.33,10.0,2,9.1,30.0,45.5,33.33,0,10.5,0,59.59,45.39,0.0,72.3,Core / Star,1,5.4
AUK Pathan,7,Squad Batter,39,26,7.8,150.0,5,2,82.05,53.85,14,0,0,116.67,6.8,0,8.34,45.0,55.0,21.95,0,11.2,0,64.04,15.0,0.0,72.2,Core / Star,1,5.4
Abdul Samad,39,Specialist Batter,579,408,18.68,141.91,37,36,62.87,36.52,37,4,0,161.98,9.2,2,11.78,27.5,54.0,20.0,0,10.5,0,70.29,15.0,0.0,75.8,Core / Star,1,7.4
Abhishek Sharma,61,Specialist Batter,1377,925,25.5,148.86,128,73,68.99,38.49,75,23,7,141.59,46.3,11,8.2,25.27,34.55,25.18,0,16.42,4,76.81,59.51,33.5,83.0,Elite / Marquee,2,14.2
Abishek Porel,16,Specialist Batter,360,244,25.71,147.54,37,15,66.11,36.89,65,6,2,159.38,0.0,0,10.5,50.0,60.0,25.0,0,11.0,0,77.45,15.0,5.0,76.7,Core / Star,1,8.1
Akash Deep,8,Bowling Specialist,19,12,9.5,158.33,2,1,73.68,33.33,17,0,0,140.0,29.2,7,10.56,25.0,44.0,31.43,1,14.52,0,67.26,39.56,3.0,74.5,Core / Star,1,6.6
Akash Madhwal,13,Specialist Bowler,4,5,4.0,80.0,0,0,0.0,40.0,4,0,0,80.0,46.5,19,8.75,14.68,21.42,29.75,4,8.89,1,26.61,76.89,16.0,77.4,Core / Star,1,8.6
Akash Singh,7,Bowling Specialist,0,0,5.0,60.0,0,0,0.0,60.0,0,0,0,100.0,23.5,5,9.53,28.2,44.8,37.59,0,13.5,0,24.51,46.72,0.0,62.1,Developing / Squad,0,2.2
Aman Hakim Khan,10,Squad Batter,115,109,12.78,105.5,8,6,59.13,50.46,51,1,1,134.09,1.0,0,9.5,45.0,55.0,16.67,0,9.8,0,54.9,15.0,2.5,69.7,Core / Star,1,4.3
Anand Rajan,8,Bowling Specialist,0,0,5.0,60.0,0,0,0.0,60.0,0,0,0,100.0,27.0,8,6.96,20.25,23.5,35.19,1,10.36,0,24.51,86.68,3.0,64.3,Developing / Squad,0,2.6
Anirudh Singh,4,Squad Batter,63,69,15.75,91.3,6,1,47.62,49.28,40,1,0,92.86,0.0,0,10.5,50.0,60.0,25.0,0,11.0,0,48.71,15.0,0.0,67.5,Developing / Squad,0,3.5
Ankit Sharma,21,Bowling Specialist,87,69,12.43,126.09,7,4,59.77,42.03,30,1,0,137.14,62.5,12,6.98,31.25,36.33,36.53,0,10.62,0,59.49,65.76,0.0,74.3,Core / Star,1,6.5
Ankit Soni,6,Bowling Specialist,7,9,3.5,77.78,0,1,85.71,77.78,7,0,0,77.78,18.7,2,7.55,56.0,70.5,33.04,0,10.5,0,42.71,51.02,0.0,67.7,Developing / Squad,0,3.6
Anmolpreet Singh,9,Squad Batter,139,117,15.44,118.8,19,3,67.63,47.01,36,3,0,120.0,0.0,0,10.5,50.0,60.0,25.0,0,11.0,0,60.52,15.0,0.0,71.3,Core / Star,1,5.0
Anuj Rawat,21,Specialist Batter,318,276,19.88,115.22,26,14,59.12,44.57,66,2,1,167.06,0.0,0,10.5,50.0,60.0,25.0,0,11.0,1,65.02,15.0,6.5,73.7,Core / Star,1,6.2
Anureet Singh,22,Specialist Bowler,36,47,9.0,76.6,2,1,38.89,46.81,15,0,0,84.21,71.7,18,8.39,23.89,33.39,32.33,1,10.2,0,37.85,63.87,3.0,74.2,Core / Star,1,6.4
Arjun Tendulkar,5,Bowling Specialist,13,9,13.0,144.44,0,1,46.15,22.22,13,0,0,144.44,13.8,3,7.52,27.67,34.67,36.14,0,13.71,0,61.77,67.12,0.0,74.2,Core / Star,1,6.4
Arshad Khan,9,Bowling Specialist,96,67,32.0,143.28,5,6,58.33,35.82,58,1,1,152.38,25.5,6,10.12,25.5,43.0,28.76,1,14.11,0,79.33,41.65,5.5,78.3,Core / Star,1,9.3
Arshdeep Singh,65,Specialist Bowler,29,42,5.8,69.05,4,0,55.17,69.05,10,0,0,64.1,242.2,76,8.09,19.12,25.76,32.48,8,8.68,1,35.46,76.22,28.0,80.5,Elite / Marquee,2,11.4
Ashutosh Sharma,9,Squad Batter,189,118,27.0,160.17,10,15,68.78,36.44,61,4,1,172.97,0.0,0,10.5,50.0,60.0,25.0,0,11.0,0,82.77,15.0,2.5,77.9,Core / Star,1,9.0
Atharva Taide,9,Squad Batter,247,177,27.44,139.55,27,8,63.16,37.85,66,3,2,120.0,0.2,0,9.5,45.0,55.0,0.0,0,10.5,0,73.5,15.0,5.0,75.1,Core / Star,1,7.0
Avesh Khan,62,Specialist Bowler,41,25,20.5,164.0,3,3,73.17,40.0,12,0,0,138.1,231.7,74,8.24,18.78,25.8,35.32,10,8.53,2,76.81,76.8,38.0,83.1,Elite / Marquee,2,14.4
Azhar Mahmood,23,Specialist Bowler,388,311,20.42,124.76,39,13,60.31,39.87,80,5,2,130.85,92.0,29,7.4,19.03,23.48,36.05,4,9.17,2,65.05,85.08,25.0,82.9,Elite / Marquee,2,14.1
Azmatullah Omarzai,7,Bowling Specialist,42,34,10.5,123.53,2,2,47.62,32.35,17,0,0,150.0,21.8,4,8.29,32.75,45.25,39.69,0,10.5,0,55.96,51.32,0.0,71.7,Core / Star,1,5.1
B Akhil,13,Bowling Specialist,76,57,12.67,133.33,5,5,65.79,45.61,27,0,0,136.11,32.2,6,7.31,32.17,39.17,31.09,0,10.59,0,62.39,57.95,0.0,74.3,Core / Star,1,6.5
B Chipli,21,Specialist Batter,280,256,18.67,109.38,28,7,55.0,42.97,61,2,1,178.57,1.0,0,9.5,45.0,55.0,16.67,0,9.8,0,62.84,15.0,2.5,72.6,Core / Star,1,5.6
B Indrajith,3,Squad Batter,21,31,7.0,67.74,2,0,38.1,58.06,15,0,0,120.0,0.0,0,10.5,50.0,60.0,25.0,0,11.0,0,36.88,15.0,0.0,63.9,Developing / Squad,0,2.6
B Kumar,176,Specialist Bowler,306,338,8.74,90.53,30,3,45.1,47.04,27,0,0,92.72,676.7,181,7.01,22.43,26.21,40.2,15,8.44,6,42.58,84.44,54.0,90.1,Elite / Marquee,2,24.5
B Laughlin,9,Bowling Specialist,5,13,2.5,38.46,0,0,0.0,61.54,4,0,0,33.33,29.8,10,9.08,17.9,27.1,23.46,0,10.23,0,12.86,64.18,0.0,59.7,Developing / Squad,0,1.7
B Lee,38,Specialist Bowler,124,102,12.4,121.57,8,8,64.52,45.1,25,0,0,121.74,152.7,25,6.83,36.64,41.68,40.83,1,7.88,2,58.27,62.12,11.0,76.5,Core / Star,1,7.9
B Sai Sudharsan,25,Specialist Batter,1034,770,47.0,134.29,95,32,55.32,31.69,103,17,7,201.18,0.0,0,10.5,50.0,60.0,25.0,0,11.0,2,92.08,15.0,25.5,82.4,Elite / Marquee,2,13.5
B Stanlake,6,Bowling Specialist,5,2,5.0,250.0,1,0,80.0,0.0,5,0,0,250.0,25.0,7,7.76,21.43,27.71,42.67,0,10.5,1,91.14,80.12,4.0,84.1,Elite / Marquee,2,15.7
B Sumanth,4,Squad Batter,35,38,35.0,92.11,3,0,34.29,39.47,16,0,0,100.0,0.0,0,10.5,50.0,60.0,25.0,0,11.0,0,61.73,15.0,0.0,71.4,Core / Star,1,5.0
BA Bhatt,15,Bowling Specialist,6,7,6.0,85.71,0,1,100.0,85.71,6,0,0,85.71,50.5,12,7.7,25.25,32.42,30.69,1,8.77,1,49.84,67.3,7.0,71.6,Core / Star,1,5.1
BA Stokes,43,All-Rounder,935,718,24.61,130.22,81,32,55.19,35.24,107,11,4,156.82,120.5,28,7.93,25.82,34.14,31.54,3,8.61,5,70.43,64.32,39.0,80.1,Elite / Marquee,2,13.7
BAW Mendis,10,Bowling Specialist,3,6,1.5,50.0,0,0,0.0,50.0,2,0,0,50.0,41.3,8,7.14,31.0,36.88,30.65,0,8.67,0,15.85,61.7,0.0,60.5,Developing / Squad,0,1.9
BB McCullum,109,Specialist Batter,2882,2272,27.71,126.85,293,130,67.73,45.25,158,44,15,181.0,0.0,0,10.5,50.0,60.0,25.0,0,11.0,5,76.42,15.0,50.0,83.6,Elite / Marquee,2,15.0
BB Samantray,8,Squad Batter,125,116,25.0,107.76,13,2,51.2,41.38,55,2,1,135.48,0.0,0,10.5,50.0,60.0,25.0,0,11.0,0,63.42,15.0,2.5,72.1,Core / Star,1,5.3
BB Sran,24,Specialist Bowler,10,14,10.0,71.43,0,0,0.0,35.71,3,0,0,71.43,86.0,18,8.35,28.67,39.89,32.56,1,8.19,0,28.76,55.09,3.0,71.2,Core / Star,1,4.9
BCJ Cutting,17,Bowling Specialist,238,146,21.64,163.01,15,19,73.11,39.73,39,2,0,171.43,48.0,10,8.79,28.8,42.2,26.74,0,11.08,1,79.97,47.53,4.0,79.6,Core / Star,1,10.5
BE Hendricks,7,Bowling Specialist,1,3,1.0,33.33,0,0,0.0,66.67,1,0,0,33.33,26.2,9,8.56,17.44,24.89,33.12,1,8.14,0,10.57,75.1,3.0,59.5,Developing / Squad,0,1.7
BJ Hodge,63,Specialist Bowler,1400,1153,33.33,121.42,122,43,53.29,38.07,73,21,6,157.4,39.7,17,7.41,14.0,17.29,31.51,2,7.67,6,74.95,92.49,45.0,89.5,Elite / Marquee,2,24.5
BJ Rohrer,8,Squad Batter,193,146,27.57,132.19,21,5,59.07,39.04,64,3,1,219.44,1.2,0,9.5,45.0,55.0,14.29,0,9.8,0,78.63,15.0,2.5,76.6,Core / Star,1,8.0
BMAJ Mendis,3,Squad Batter,23,27,7.67,85.19,0,0,0.0,29.63,12,0,0,120.0,5.0,1,7.2,30.0,36.0,36.67,0,9.8,0,33.6,15.0,0.0,62.9,Developing / Squad,0,2.3
BR Dunk,3,Squad Batter,40,36,13.33,111.11,7,0,70.0,55.56,20,0,0,120.0,0.0,0,10.5,50.0,60.0,25.0,0,11.0,0,57.67,15.0,0.0,70.1,Core / Star,1,4.5
BW Hilfenhaus,17,Specialist Bowler,0,0,5.0,60.0,0,0,0.0,60.0,0,0,0,100.0,65.0,22,7.09,17.73,20.95,44.36,1,10.46,2,24.51,94.86,11.0,83.3,Elite / Marquee,2,14.6
Basil Thampi,25,Specialist Bowler,32,37,32.0,86.49,1,1,31.25,43.24,13,0,0,90.62,89.8,22,9.22,24.5,37.64,28.2,2,10.73,0,56.86,52.32,6.0,71.9,Core / Star,1,5.2
Bipul Sharma,28,Specialist Bowler,187,124,23.38,150.81,11,9,52.41,27.42,35,1,0,156.36,72.7,17,7.67,25.65,32.76,30.05,0,13.67,0,73.38,66.51,0.0,77.1,Core / Star,1,8.4
C Green,29,Specialist Bowler,707,472,41.59,149.79,62,32,62.23,30.51,100,12,3,192.45,77.0,16,8.23,28.88,39.62,32.25,0,11.05,3,91.99,55.72,19.5,76.3,Core / Star,1,7.8
C Munro,11,Squad Batter,177,144,14.75,122.92,19,8,70.06,47.22,40,2,0,66.67,2.0,0,9.5,45.0,55.0,41.67,0,9.8,0,57.37,15.0,0.0,70.4,Core / Star,1,4.6
C Nanda,3,Squad Batter,0,1,0.0,0.0,0,0,0.0,100.0,0,0,0,0.0,8.3,2,6.6,25.0,27.5,26.0,0,10.5,0,0.0,15.0,0.0,52.9,Developing / Squad,0,0.9
C Sakariya,19,Specialist Bowler,20,31,3.33,64.52,3,0,60.0,67.74,7,0,0,70.37,76.7,20,7.34,23.0,28.15,31.09,2,8.9,0,33.98,75.48,6.0,77.3,Core / Star,1,8.5
C de Grandhomme,21,Bowling Specialist,303,229,18.94,132.31,18,18,59.41,37.55,40,5,0,136.75,38.3,6,7.85,38.33,50.17,25.22,1,12.43,0,65.81,44.11,3.0,75.0,Core / Star,1,6.9
CA Ingram,15,Squad Batter,205,183,17.08,112.02,22,5,57.56,42.62,47,2,0,146.51,0.0,0,10.5,50.0,60.0,25.0,0,11.0,0,60.29,15.0,0.0,71.5,Core / Star,1,5.1
CA Lynn,42,Specialist Batter,1329,974,34.08,136.45,132,66,69.53,42.71,93,20,10,100.0,0.0,0,10.5,50.0,60.0,25.0,0,11.0,4,77.76,15.0,41.0,80.0,Elite / Marquee,2,10.9
CA Pujara,22,Specialist Batter,390,403,20.53,96.77,50,4,57.44,49.63,51,4,1,109.3,0.0,0,10.5,50.0,60.0,25.0,0,11.0,0,56.82,15.0,2.5,70.9,Core / Star,1,4.8
CH Gayle,141,Specialist Bowler,4997,3516,39.66,142.12,408,359,75.77,46.53,175,62,38,191.12,97.3,18,6.99,32.44,37.78,30.82,1,7.83,22,91.42,60.49,73.0,88.3,Elite / Marquee,2,24.5
CH Morris,81,All-Rounder,618,413,22.07,149.64,41,35,60.52,32.45,82,6,2,160.45,300.2,96,7.4,18.76,23.12,37.09,12,8.09,3,74.04,86.12,47.0,85.7,Elite / Marquee,2,22.7
CJ Anderson,29,Specialist Batter,538,436,24.45,123.39,40,31,64.31,45.87,95,7,3,159.09,52.5,11,9.47,28.64,45.18,25.08,0,11.27,3,70.8,40.21,19.5,78.1,Core / Star,1,9.2
CJ Ferguson,8,Squad Batter,98,119,16.33,82.35,9,0,36.73,48.74,23,0,0,95.83,0.0,0,10.5,50.0,60.0,25.0,0,11.0,0,45.25,15.0,0.0,66.7,Developing / Squad,0,3.3
CJ Jordan,34,Specialist Bowler,81,81,8.1,100.0,3,3,37.04,46.91,30,1,0,106.67,119.5,30,8.64,23.9,34.43,28.73,3,10.26,1,43.58,59.55,13.0,74.3,Core / Star,1,6.5
CK Kapugedera,3,Squad Batter,16,24,5.33,66.67,0,0,0.0,41.67,8,0,0,71.43,2.8,0,9.5,45.0,55.0,0.0,0,10.5,0,24.09,15.0,0.0,60.1,Developing / Squad,0,1.8
CK Langeveldt,7,Bowling Specialist,8,9,4.0,88.89,0,1,75.0,66.67,8,0,0,140.0,27.5,13,6.47,12.69,13.69,41.82,1,7.47,0,48.06,109.59,3.0,72.4,Core / Star,1,5.5
CL White,45,Specialist Batter,971,774,26.97,125.45,76,38,54.79,35.4,78,15,6,182.41,7.7,1,10.57,46.0,81.0,17.39,0,9.8,1,73.06,15.0,19.0,77.4,Core / Star,1,8.6
CM Gautam,13,Squad Batter,169,158,16.9,106.96,17,6,61.54,53.16,33,3,0,122.22,0.0,0,10.5,50.0,60.0,25.0,0,11.0,0,58.02,15.0,0.0,70.7,Core / Star,1,4.7
CR Brathwaite,16,Bowling Specialist,181,120,13.92,150.83,10,16,75.14,44.17,43,2,0,184.71,44.3,13,8.19,20.46,27.92,27.82,1,9.79,1,72.7,70.28,7.0,78.6,Core / Star,1,9.6
CR Woakes,21,Specialist Bowler,78,77,13.0,101.3,7,2,51.28,42.86,18,0,0,112.5,77.2,30,8.23,15.43,21.17,34.77,3,9.66,0,50.96,83.14,9.0,80.5,Elite / Marquee,2,11.4
CRD Fernando,10,Specialist Bowler,4,3,4.0,133.33,0,0,0.0,0.0,2,0,0,133.33,41.5,17,6.72,14.65,16.41,39.76,1,8.13,1,42.28,102.25,7.0,85.6,Elite / Marquee,2,18.0
CV Varun,70,Specialist Bowler,25,49,6.25,51.02,2,0,32.0,63.27,10,0,0,54.35,270.7,83,7.25,19.57,23.63,35.84,8,8.31,6,26.5,85.42,48.0,85.2,Elite / Marquee,2,17.3
D Brevis,10,Squad Batter,230,176,23.0,130.68,17,16,71.3,47.16,49,4,0,0.0,0.5,1,9.5,3.0,8.0,33.33,0,10.5,0,60.74,15.0,0.0,71.4,Core / Star,1,5.0
D Kalyankrishna,3,Squad Batter,3,8,3.0,37.5,0,0,0.0,62.5,3,0,0,37.5,8.3,2,10.2,25.0,42.5,20.0,0,10.5,0,13.35,15.0,0.0,56.9,Developing / Squad,0,1.4
D Padikkal,64,Specialist Batter,1559,1323,25.15,117.84,170,42,59.78,42.63,101,22,10,132.56,0.0,0,10.5,50.0,60.0,25.0,0,11.0,2,67.24,15.0,33.0,77.1,Core / Star,1,8.4
D Pretorius,7,Bowling Specialist,44,28,11.0,157.14,3,3,68.18,35.71,22,0,0,157.14,27.7,6,8.02,27.67,37.0,25.3,0,10.15,0,68.35,56.7,0.0,75.7,Core / Star,1,7.4
D Salunkhe,5,Squad Batter,33,24,16.5,137.5,5,0,60.61,33.33,26,0,0,147.06,8.5,1,8.24,51.0,70.0,25.49,0,10.5,0,66.06,15.0,0.0,72.7,Core / Star,1,5.6
D Wiese,15,Specialist Bowler,148,105,29.6,140.95,12,7,60.81,32.38,47,1,0,156.25,51.2,16,8.36,19.19,26.75,26.71,1,9.42,0,77.74,70.5,3.0,77.9,Core / Star,1,9.0
DA Miller,123,Specialist Batter,2924,2171,35.66,134.68,207,134,55.81,33.44,101,39,14,169.01,0.0,0,10.5,50.0,60.0,25.0,0,11.0,5,81.03,15.0,50.0,85.7,Elite / Marquee,2,18.1
DA Warner,184,Specialist Batter,6567,4849,40.04,135.43,663,236,61.95,38.63,126,96,66,173.0,0.3,0,9.5,45.0,55.0,0.0,0,9.8,18,86.13,15.0,70.0,92.4,Elite / Marquee,2,24.5
DB Das,22,Specialist Batter,304,267,21.71,113.86,23,16,61.84,46.44,35,2,0,117.0,0.0,0,10.5,50.0,60.0,25.0,0,11.0,0,62.94,15.0,0.0,72.7,Core / Star,1,5.6
DB Ravi Teja,25,Specialist Batter,375,325,19.74,115.38,35,9,51.73,38.15,60,5,1,134.13,3.0,1,9.5,18.0,28.0,22.22,0,9.8,0,61.0,15.0,2.5,72.3,Core / Star,1,5.4
DE Bollinger,27,Specialist Bowler,21,23,21.0,91.3,1,1,47.62,47.83,16,0,0,91.3,100.0,37,6.63,16.22,17.92,42.33,4,7.04,2,52.68,101.38,20.0,87.3,Elite / Marquee,2,21.0
DG Nalkande,6,Bowling Specialist,12,12,6.0,100.0,0,1,50.0,41.67,12,0,0,0.0,14.8,6,9.64,14.83,23.83,24.72,0,8.4,0,36.54,65.18,0.0,66.6,Developing / Squad,0,3.3
DH Yagnik,17,Squad Batter,170,142,17.0,119.72,23,2,61.18,43.66,34,2,0,123.08,0.0,0,10.5,50.0,60.0,25.0,0,11.0,0,60.88,15.0,0.0,71.8,Core / Star,1,5.2
DJ Bravo,158,All-Rounder,1560,1247,22.61,125.1,120,66,56.15,39.94,70,15,5,167.71,549.3,183,7.61,18.01,22.83,30.28,16,8.53,4,68.76,82.08,58.5,88.2,Elite / Marquee,2,24.5
DJ Harris,4,Squad Batter,111,103,27.75,107.77,11,5,66.67,50.49,47,2,0,120.0,3.0,0,9.5,45.0,55.0,22.22,0,10.5,0,67.49,15.0,0.0,73.1,Core / Star,1,5.8
DJ Hooda,96,Specialist Batter,1466,1170,18.32,125.3,96,61,51.16,34.36,64,14,8,140.0,64.0,10,8.09,38.4,51.8,26.3,0,13.26,1,62.39,42.25,24.0,78.3,Core / Star,1,9.3
DJ Hussey,61,Specialist Batter,1322,1101,26.98,120.07,90,60,54.46,38.6,71,19,5,175.21,53.8,8,8.67,40.38,58.38,26.63,0,11.79,2,71.28,36.62,20.5,79.3,Core / Star,1,10.2
DJ Jacobs,7,Squad Batter,92,101,13.14,91.09,10,4,69.57,61.39,32,1,0,120.0,0.0,0,10.5,50.0,60.0,25.0,0,11.0,0,53.06,15.0,0.0,68.9,Core / Star,1,4.0
DJ Mitchell,15,Specialist Batter,351,274,27.0,128.1,28,10,49.0,29.93,63,4,2,115.0,8.5,1,11.06,51.0,94.0,9.8,0,9.8,0,67.45,15.0,5.0,73.7,Core / Star,1,6.2
DJ Muthuswami,6,Bowling Specialist,1,3,1.0,33.33,0,0,0.0,66.67,1,0,0,33.33,14.0,4,7.21,21.0,25.25,52.38,0,10.5,0,10.57,91.31,0.0,60.3,Developing / Squad,0,1.8
DJ Thornely,4,Squad Batter,39,54,13.0,72.22,2,2,51.28,57.41,30,1,0,120.0,7.3,3,5.18,14.67,12.67,43.18,0,9.8,0,45.17,15.0,0.0,66.4,Developing / Squad,0,3.2
DJ Willey,11,Bowling Specialist,53,64,26.5,82.81,7,0,52.83,56.25,20,0,0,109.09,36.8,6,7.25,36.83,44.5,35.75,0,8.85,0,57.47,55.38,0.0,72.6,Core / Star,1,5.6
DJG Sammy,20,Specialist Batter,295,251,19.67,117.53,15,18,56.95,43.03,60,1,1,134.65,40.7,11,8.39,22.18,31.0,29.51,1,11.67,1,62.5,65.78,9.5,75.6,Core / Star,1,7.3
DJM Short,7,Squad Batter,115,102,16.43,112.75,11,5,64.35,47.06,44,2,0,120.0,3.0,1,9.5,18.0,19.0,38.89,0,9.8,0,59.31,15.0,0.0,70.8,Core / Star,1,4.7
DL Chahar,81,Specialist Bowler,80,61,11.43,131.15,2,6,55.0,39.34,39,1,0,96.15,291.0,77,7.37,22.68,27.84,40.55,7,8.42,2,55.79,80.53,29.0,84.1,Elite / Marquee,2,15.7
DL Vettori,34,Specialist Bowler,121,118,15.12,102.54,11,2,46.28,38.98,29,0,0,119.35,130.8,28,6.66,28.04,31.11,34.39,2,7.95,1,52.4,74.13,10.0,79.1,Core / Star,1,10.0
DNT Zoysa,3,Bowling Specialist,11,9,11.0,122.22,1,0,36.36,33.33,10,0,0,125.0,11.5,2,8.35,34.5,48.0,34.78,0,9.3,0,51.94,44.86,0.0,70.0,Core / Star,1,4.4
DP Conway,22,Specialist Batter,924,669,48.63,138.12,100,30,62.77,35.43,92,14,9,148.28,0.0,0,10.5,50.0,60.0,25.0,0,11.0,4,91.71,15.0,38.5,83.0,Elite / Marquee,2,14.2
DP Nannes,29,Specialist Bowler,4,13,4.0,30.77,0,0,0.0,69.23,3,0,0,22.22,114.8,28,6.39,24.61,26.21,41.36,2,8.09,1,11.51,86.98,10.0,80.5,Elite / Marquee,2,11.4
DP Vijaykumar,9,Bowling Specialist,1,1,1.0,100.0,0,0,0.0,0.0,1,0,0,100.0,26.5,4,7.25,39.75,48.0,39.62,0,9.1,0,30.15,57.31,0.0,64.5,Developing / Squad,0,2.7
DPMD Jayawardene,78,Specialist Batter,1808,1522,28.25,118.79,200,40,57.52,40.67,110,23,11,152.03,0.0,0,10.5,50.0,60.0,25.0,0,11.0,5,70.86,15.0,47.5,80.3,Elite / Marquee,2,11.2
DR Sams,16,Bowling Specialist,44,48,4.89,91.67,1,3,50.0,54.17,15,0,0,103.85,64.8,14,7.54,27.79,34.93,36.5,2,12.6,1,41.64,66.87,10.0,69.2,Core / Star,1,4.1
DR Smith,88,All-Rounder,2385,1803,28.39,132.28,245,117,70.52,46.15,87,35,17,147.37,92.8,26,8.48,21.42,30.27,30.16,2,11.76,11,76.17,66.69,76.0,86.6,Elite / Marquee,2,24.5
DS Kulkarni,92,Specialist Bowler,104,113,11.56,92.04,7,2,38.46,44.25,28,0,0,96.12,312.7,86,7.56,21.81,27.49,39.55,7,8.6,0,44.03,79.82,21.0,83.0,Elite / Marquee,2,14.2
DT Christian,49,Specialist Bowler,460,408,14.84,112.75,23,19,44.78,35.54,39,2,0,134.93,153.7,38,7.5,24.26,30.32,32.1,0,9.73,0,55.28,71.93,0.0,78.9,Core / Star,1,9.8
DW Steyn,95,Specialist Bowler,167,163,7.59,102.45,14,3,44.31,44.17,19,0,0,105.84,380.3,97,6.33,23.53,24.8,44.65,8,7.67,5,45.11,91.33,44.0,88.9,Elite / Marquee,2,24.2
Dhruv Jurel,22,Squad Batter,347,237,23.13,146.41,29,16,61.1,31.22,56,5,2,163.87,0.0,0,10.5,50.0,60.0,25.0,0,11.0,0,74.53,15.0,5.0,76.1,Core / Star,1,7.6
E Lewis,26,Specialist Batter,654,499,27.25,131.06,62,36,70.95,46.89,65,10,4,133.33,0.0,0,10.5,50.0,60.0,25.0,0,11.0,1,74.05,15.0,14.0,76.7,Core / Star,1,8.1
EJG Morgan,74,Specialist Batter,1406,1181,22.68,119.05,112,64,59.17,43.35,68,19,5,157.32,0.0,0,10.5,50.0,60.0,25.0,0,11.0,2,67.32,15.0,20.5,77.7,Core / Star,1,8.8
F Behardien,3,Squad Batter,14,13,7.0,107.69,2,0,57.14,38.46,9,0,0,116.67,0.0,0,10.5,50.0,60.0,25.0,0,11.0,0,49.18,15.0,0.0,67.6,Developing / Squad,0,3.6
F du Plessis,138,Specialist Batter,4571,3435,35.99,133.07,422,166,58.72,35.49,96,66,37,171.6,1.0,0,9.5,45.0,55.0,0.0,0,10.5,10,81.72,15.0,70.0,89.0,Elite / Marquee,2,24.5
FA Allen,4,Bowling Specialist,14,19,7.0,73.68,1,0,28.57,47.37,8,0,0,84.62,15.2,2,8.9,45.5,67.5,28.57,0,9.8,0,33.62,35.28,0.0,64.1,Developing / Squad,0,2.6
FH Edwards,6,Bowling Specialist,4,5,4.0,80.0,0,0,0.0,60.0,3,0,0,80.0,25.0,5,5.76,30.0,28.8,46.67,0,8.14,0,26.61,85.46,0.0,64.7,Developing / Squad,0,2.7
FY Fazal,11,Squad Batter,183,179,18.3,102.23,22,1,51.37,41.34,45,3,0,115.15,2.0,0,9.5,45.0,55.0,8.33,0,10.0,0,55.51,15.0,0.0,69.9,Core / Star,1,4.4
Fazalhaq Farooqi,7,Bowling Specialist,3,13,3.0,23.08,0,0,0.0,76.92,2,0,0,23.08,27.0,6,8.04,27.0,36.17,34.57,0,12.18,0,9.11,62.44,0.0,58.4,Developing / Squad,0,1.6
G Coetzee,10,Bowling Specialist,14,22,3.5,63.64,0,1,42.86,59.09,8,0,0,61.11,36.0,13,8.83,16.62,24.46,32.87,2,8.33,0,29.8,73.87,6.0,65.3,Developing / Squad,0,2.9
G Gambhir,151,Specialist Batter,4217,3524,31.01,119.67,492,59,55.06,38.51,93,58,36,139.9,0.0,0,10.5,50.0,60.0,25.0,0,11.0,13,71.8,15.0,70.0,88.0,Elite / Marquee,2,24.5
GB Hogg,21,Specialist Bowler,22,22,7.33,100.0,1,0,18.18,22.73,13,0,0,100.0,77.7,23,7.11,20.26,24.0,34.12,2,7.61,0,38.71,84.62,6.0,80.3,Elite / Marquee,2,11.2
GC Smith,29,Specialist Batter,739,691,28.42,106.95,94,9,58.19,46.31,91,9,4,160.98,0.0,0,10.5,50.0,60.0,25.0,0,11.0,2,69.21,15.0,18.0,75.8,Core / Star,1,7.4
GC Viljoen,6,Bowling Specialist,3,7,1.5,42.86,0,0,0.0,71.43,2,0,0,42.86,24.3,7,8.63,20.86,30.0,29.45,0,11.73,0,13.76,65.92,0.0,59.9,Developing / Squad,0,1.8
GD McGrath,14,Bowling Specialist,4,5,4.0,80.0,1,0,100.0,80.0,4,0,0,80.0,54.8,12,6.42,27.42,29.33,46.5,1,8.89,1,46.61,83.79,7.0,71.5,Core / Star,1,5.1
GD Phillips,8,Squad Batter,65,55,9.29,118.18,3,6,73.85,58.18,25,0,0,195.65,5.2,2,7.55,15.5,19.5,32.26,0,9.8,1,62.52,15.0,4.0,72.3,Core / Star,1,5.4
GH Vihari,23,Specialist Batter,284,331,14.2,85.8,23,1,34.51,44.11,46,3,0,114.29,7.2,1,6.42,43.0,46.0,39.53,0,9.8,2,45.29,15.0,8.0,68.4,Core / Star,1,3.8
GHS Garton,5,Bowling Specialist,2,4,2.0,50.0,0,0,0.0,50.0,2,0,0,50.0,16.2,3,7.92,32.33,42.67,31.96,0,5.67,0,16.24,51.97,0.0,59.8,Developing / Squad,0,1.8
GJ Bailey,36,Specialist Batter,663,552,24.56,120.11,59,19,52.79,37.5,61,8,2,172.11,0.0,0,10.5,50.0,60.0,25.0,0,11.0,1,68.84,15.0,9.0,75.6,Core / Star,1,7.3
GJ Maxwell,128,All-Rounder,2772,1842,24.75,150.49,233,160,68.25,38.22,95,37,18,174.64,160.8,37,7.93,26.08,34.46,31.19,0,8.62,9,78.92,63.64,66.0,87.8,Elite / Marquee,2,24.5
Gagandeep Singh,4,Bowling Specialist,0,0,5.0,60.0,0,0,0.0,60.0,0,0,0,100.0,14.0,3,10.07,28.0,47.0,29.76,0,16.0,0,24.51,37.79,0.0,61.5,Developing / Squad,0,2.1
Gurkeerat Singh,32,Specialist Batter,511,436,21.29,117.2,55,11,55.97,38.99,65,3,2,149.4,13.7,5,6.8,16.4,18.6,31.71,0,9.8,0,64.6,94.02,5.0,77.9,Core / Star,1,9.0
H Klaasen,32,Specialist Batter,993,613,38.19,161.99,56,64,61.23,27.24,104,15,7,184.02,0.0,0,10.5,50.0,60.0,25.0,0,11.0,0,91.19,15.0,17.5,81.6,Elite / Marquee,2,12.5
HC Brook,11,Squad Batter,190,159,21.11,119.5,23,4,61.05,44.03,100,1,1,133.33,0.0,0,10.5,50.0,60.0,25.0,0,11.0,1,64.77,15.0,6.5,73.1,Core / Star,1,5.8
HE van der Dussen,3,Squad Batter,22,25,11.0,88.0,2,0,36.36,48.0,12,0,0,120.0,0.0,0,10.5,50.0,60.0,25.0,0,11.0,0,44.08,15.0,0.0,66.1,Developing / Squad,0,3.1
HF Gurney,8,Bowling Specialist,1,5,1.0,20.0,0,0,0.0,80.0,1,0,0,20.0,28.2,7,8.2,24.14,33.0,29.59,0,11.57,1,6.65,63.91,4.0,58.2,Developing / Squad,0,1.5
HH Gibbs,36,Specialist Batter,886,837,27.69,105.85,83,31,58.47,48.98,69,11,6,156.52,0.0,0,10.5,50.0,60.0,25.0,0,11.0,1,68.12,15.0,19.0,75.4,Core / Star,1,7.2
HH Pandya,128,All-Rounder,2534,1814,28.47,139.69,189,137,62.27,36.16,91,30,10,161.65,247.5,64,8.42,23.2,32.55,32.39,5,10.29,8,77.28,64.94,72.0,87.3,Elite / Marquee,2,24.5
HM Amla,16,Specialist Batter,577,418,44.38,138.04,60,21,63.43,35.89,104,6,5,225.93,0.0,0,10.5,50.0,60.0,25.0,0,11.0,2,94.34,15.0,20.5,82.6,Elite / Marquee,2,13.7
HR Shokeen,13,Bowling Specialist,66,67,22.0,98.51,9,0,54.55,49.25,25,0,0,121.05,35.5,5,8.48,42.6,60.2,36.62,0,10.5,0,58.65,43.51,0.0,72.4,Core / Star,1,5.5
HV Patel,103,Specialist Bowler,249,214,9.22,116.36,16,15,61.85,46.26,36,2,0,134.56,380.7,135,7.89,16.92,22.24,31.09,15,8.79,4,55.09,81.8,46.0,86.5,Elite / Marquee,2,19.5
Harbhajan Singh,160,All-Rounder,833,636,15.15,130.97,79,42,68.19,44.81,64,6,1,143.78,582.7,150,6.74,23.31,26.19,36.13,11,7.81,8,64.85,83.4,64.5,89.5,Elite / Marquee,2,24.5
Harmeet Singh,28,Specialist Bowler,18,12,4.5,150.0,3,0,66.67,41.67,14,0,0,150.0,95.7,27,7.3,21.26,25.85,35.02,2,7.47,2,60.9,81.23,14.0,81.8,Elite / Marquee,2,12.8
Harpreet Brar,39,Specialist Bowler,233,201,21.18,115.92,19,9,55.79,42.29,29,0,0,124.68,115.3,25,7.59,27.68,35.0,33.09,3,10.13,3,62.34,64.88,21.0,78.0,Core / Star,1,9.1
Harpreet Singh,8,Squad Batter,123,119,17.57,103.36,10,3,47.15,41.18,41,1,0,131.58,0.0,0,10.5,50.0,60.0,25.0,0,11.0,0,55.57,15.0,0.0,69.7,Core / Star,1,4.3
Harshit Rana,19,Specialist Bowler,2,3,1.0,66.67,0,0,0.0,66.67,2,0,0,0.0,67.2,25,8.38,16.12,22.52,36.72,2,9.06,0,15.36,81.27,6.0,78.0,Core / Star,1,9.1
I Sharma,110,Specialist Bowler,57,71,9.5,80.28,4,2,49.12,54.93,10,0,0,78.95,404.8,92,7.46,26.4,32.83,39.89,4,9.72,4,40.7,72.07,28.0,83.2,Elite / Marquee,2,14.5
I Udana,10,Bowling Specialist,15,11,5.0,136.36,1,1,66.67,36.36,10,0,0,136.36,30.3,8,9.03,22.75,34.25,24.73,0,8.48,0,57.28,55.88,0.0,72.5,Core / Star,1,5.5
IC Pandey,24,Specialist Bowler,0,2,0.0,0.0,0,0,0.0,100.0,0,0,0,0.0,78.2,18,7.47,26.06,32.44,45.2,0,9.95,0,0.0,75.28,0.0,75.7,Core / Star,1,7.4
IK Pathan,101,All-Rounder,1150,985,21.7,116.75,88,38,50.43,37.87,60,10,1,142.58,352.2,80,7.29,26.41,32.11,39.52,4,8.7,2,63.2,73.56,22.5,82.2,Elite / Marquee,2,16.6
IR Jaggi,7,Squad Batter,76,100,15.2,76.0,6,0,31.58,51.0,28,0,0,86.67,0.0,0,10.5,50.0,60.0,25.0,0,11.0,0,41.26,15.0,0.0,65.4,Developing / Squad,0,2.9
IS Sodhi,8,Bowling Specialist,7,18,3.5,38.89,0,0,0.0,61.11,6,0,0,45.45,30.3,9,6.63,20.22,22.33,35.16,1,10.5,0,14.64,90.02,3.0,61.5,Developing / Squad,0,2.1
Imran Tahir,59,Specialist Bowler,33,37,8.25,89.19,5,0,60.61,56.76,13,0,0,93.55,223.3,82,7.45,16.34,20.29,32.61,12,8.72,1,45.07,88.09,34.0,84.2,Elite / Marquee,2,15.9
Iqbal Abdulla,48,Specialist Bowler,88,86,44.0,102.33,9,1,47.73,41.86,33,1,0,114.75,157.2,40,6.89,23.58,27.08,35.1,4,8.08,2,74.76,80.86,20.0,83.4,Elite / Marquee,2,14.8
Ishan Kishan,99,Specialist Batter,2644,1991,28.43,132.8,255,119,65.58,40.38,99,38,16,174.66,0.0,0,10.5,50.0,60.0,25.0,0,11.0,4,77.38,15.0,46.0,82.9,Elite / Marquee,2,14.1
J Arunkumar,3,Squad Batter,23,24,7.67,95.83,5,0,86.96,66.67,22,0,0,120.0,0.0,0,10.5,50.0,60.0,25.0,0,11.0,0,53.32,15.0,0.0,68.8,Core / Star,1,4.0
J Botha,34,Specialist Bowler,409,364,20.45,112.36,39,5,45.48,37.91,67,4,1,129.27,118.2,25,6.61,28.36,31.24,35.83,1,7.44,1,59.28,74.73,9.5,79.6,Core / Star,1,10.5
J Fraser-McGurk,9,Squad Batter,330,150,36.67,220.0,32,28,89.7,40.67,84,4,4,120.0,0.0,0,10.5,50.0,60.0,25.0,0,11.0,1,103.59,15.0,14.0,84.5,Elite / Marquee,2,16.3
J Little,11,Bowling Specialist,0,0,5.0,60.0,0,0,0.0,60.0,0,0,0,100.0,39.3,11,8.42,21.45,30.09,34.75,1,9.05,1,24.51,69.52,7.0,64.0,Developing / Squad,0,2.6
J Suchith,21,Specialist Bowler,70,62,17.5,112.9,6,3,60.0,48.39,34,1,0,175.0,72.3,19,8.09,22.84,30.79,32.26,0,13.5,0,63.43,68.87,0.0,76.9,Core / Star,1,8.2
J Syed Mohammad,11,Bowling Specialist,29,27,14.5,107.41,4,0,55.17,40.74,13,0,0,125.0,32.7,8,8.54,24.5,34.88,23.98,0,11.0,0,55.18,57.01,0.0,72.0,Core / Star,1,5.3
J Theron,10,Bowling Specialist,10,13,5.0,76.92,1,0,40.0,46.15,7,0,0,76.92,39.2,11,7.35,21.36,26.18,28.94,1,7.85,1,34.48,77.49,7.0,67.3,Developing / Squad,0,3.5
J Yadav,20,Bowling Specialist,40,38,10.0,105.26,2,1,35.0,36.84,23,0,0,106.9,66.3,8,6.59,49.75,54.62,38.44,0,6.63,0,45.82,63.32,0.0,70.0,Core / Star,1,4.4
JA Morkel,87,All-Rounder,975,712,24.38,136.94,61,55,58.87,35.39,73,7,3,149.88,301.2,85,7.49,21.26,26.54,35.75,5,8.68,2,71.93,79.69,30.5,84.1,Elite / Marquee,2,19.6
JA Richardson,4,Bowling Specialist,17,27,5.67,62.96,2,0,47.06,62.96,15,0,0,50.0,15.7,3,9.7,31.33,50.67,31.91,0,10.8,0,31.34,36.09,0.0,63.4,Developing / Squad,0,2.4
JC Archer,40,Specialist Bowler,199,132,15.31,150.76,11,14,64.32,35.61,27,0,0,158.97,164.5,48,6.84,20.56,23.44,42.55,6,8.88,1,69.67,90.95,22.0,85.3,Elite / Marquee,2,17.5
JC Buttler,106,Specialist Batter,3583,2519,37.72,142.24,356,161,66.7,39.78,124,41,26,186.83,0.0,0,10.5,50.0,60.0,25.0,0,11.0,13,87.81,15.0,70.0,90.4,Elite / Marquee,2,24.5
JD Ryder,29,Specialist Batter,604,466,21.57,129.61,69,19,64.57,42.92,86,8,4,160.71,40.2,8,7.39,30.12,37.12,32.78,0,12.69,1,70.1,61.98,14.0,78.1,Core / Star,1,9.2
JD Unadkat,104,Specialist Bowler,197,170,12.31,115.88,16,7,53.81,41.18,26,0,0,122.54,365.7,99,8.53,22.16,31.51,31.18,8,10.28,6,54.88,65.26,48.0,82.5,Elite / Marquee,2,13.6
JDP Oram,14,Bowling Specialist,106,110,13.25,96.36,6,5,50.94,45.45,41,1,0,121.57,40.7,9,8.41,27.11,38.0,32.38,1,7.82,1,50.69,57.43,7.0,71.3,Core / Star,1,5.0
JDS Neesham,13,Bowling Specialist,92,93,10.22,98.92,6,2,39.13,43.01,22,0,0,89.36,37.0,8,8.86,27.75,41.0,28.38,1,20.0,0,44.12,49.69,3.0,68.4,Core / Star,1,3.8
JE Taylor,5,Bowling Specialist,3,4,3.0,75.0,0,0,0.0,50.0,2,0,0,75.0,20.3,6,7.48,20.33,25.33,39.34,1,9.62,0,24.36,83.4,3.0,63.9,Developing / Squad,0,2.6
JEC Franklin,16,Specialist Batter,327,309,29.73,105.83,25,9,47.09,40.13,79,3,1,138.57,25.8,9,8.36,17.22,24.0,25.16,0,10.5,1,66.08,73.55,6.5,76.8,Core / Star,1,8.1
JH Kallis,95,All-Rounder,2427,2291,28.55,105.94,255,44,52.9,42.86,89,34,17,170.56,299.8,65,7.41,27.68,34.18,33.41,2,9.59,10,68.75,66.84,76.0,85.3,Elite / Marquee,2,24.5
JJ Bumrah,133,Specialist Bowler,68,80,9.71,85.0,5,1,38.24,46.25,16,0,0,84.0,530.8,168,6.81,18.96,21.51,38.56,24,7.72,10,40.09,92.37,70.0,93.2,Elite / Marquee,2,24.5
JJ Roy,21,Specialist Batter,614,460,32.32,133.48,75,21,69.38,42.83,91,10,4,178.26,0.0,0,10.5,50.0,60.0,25.0,0,11.0,2,81.58,15.0,18.0,79.1,Core / Star,1,10.0
JJ van der Wath,3,Bowling Specialist,18,17,9.0,105.88,1,1,55.56,47.06,14,0,0,116.67,12.7,3,9.87,25.33,41.67,38.16,0,11.0,0,50.02,49.18,0.0,69.6,Core / Star,1,4.3
JL Pattinson,10,Bowling Specialist,15,13,15.0,115.38,2,0,53.33,30.77,11,0,0,115.38,37.0,11,8.41,20.18,28.27,34.68,0,8.85,0,56.23,72.06,0.0,73.0,Core / Star,1,5.8
JM Bairstow,50,Specialist Batter,1589,1132,34.54,140.37,166,69,67.84,40.81,114,22,11,131.58,0.0,0,10.5,50.0,60.0,25.0,0,11.0,6,81.01,15.0,51.5,82.3,Elite / Marquee,2,13.4
JM Kemp,5,Squad Batter,26,25,13.0,104.0,1,1,38.46,44.0,22,0,0,44.44,7.8,3,6.51,15.67,17.0,31.91,1,10.5,0,43.89,15.0,3.0,66.1,Developing / Squad,0,3.1
JM Sharma,36,Specialist Batter,730,501,22.81,145.71,53,45,66.03,38.32,49,8,0,176.0,0.0,0,10.5,50.0,60.0,25.0,0,11.0,0,76.02,15.0,0.0,77.3,Core / Star,1,8.5
JO Holder,46,Specialist Bowler,259,217,12.33,119.35,13,18,61.78,45.16,47,1,0,126.09,174.8,53,8.02,19.79,26.47,30.6,8,8.69,1,57.51,74.68,28.0,80.1,Elite / Marquee,2,11.0
JP Behrendorff,17,Specialist Bowler,6,9,6.0,66.67,0,0,0.0,33.33,3,0,0,66.67,63.2,19,8.47,19.95,28.16,36.68,2,11.06,0,24.25,72.9,6.0,75.9,Core / Star,1,7.5
JP Duminy,75,All-Rounder,2029,1680,39.78,120.77,126,79,48.2,33.45,78,27,14,166.42,116.8,23,6.86,30.48,34.87,33.38,1,8.84,4,79.48,66.88,49.0,83.4,Elite / Marquee,2,18.4
JP Faulkner,60,Specialist Bowler,527,406,20.27,129.8,36,23,53.51,35.71,46,6,0,149.32,214.5,61,8.13,21.1,28.59,31.0,7,9.14,5,66.06,71.23,41.0,82.1,Elite / Marquee,2,13.1
JPR Scantlebury-Searles,3,Squad Batter,8,6,8.0,133.33,0,1,75.0,50.0,6,0,0,133.33,7.5,2,11.47,22.5,43.0,15.56,0,10.5,0,60.39,15.0,0.0,70.9,Core / Star,1,4.8
JR Hazlewood,27,Specialist Bowler,19,29,19.0,65.52,1,0,21.05,48.28,7,0,0,89.47,103.7,35,7.63,17.77,22.6,41.64,4,8.93,1,40.03,88.02,16.0,82.2,Elite / Marquee,2,13.2
JR Hopes,20,Specialist Batter,417,314,26.06,132.8,49,11,62.83,38.22,71,4,4,136.96,61.5,14,8.76,26.36,38.5,28.46,0,10.99,0,72.16,53.43,10.0,77.3,Core / Star,1,8.5
JR Philippe,5,Squad Batter,78,80,19.5,97.5,9,1,53.85,47.5,33,2,0,50.0,0.0,0,10.5,50.0,60.0,25.0,0,11.0,0,51.01,15.0,0.0,68.2,Core / Star,1,3.8
JW Hastings,3,Bowling Specialist,0,0,5.0,60.0,0,0,0.0,60.0,0,0,0,100.0,10.2,3,6.2,20.33,21.0,50.82,0,10.5,0,24.51,101.94,0.0,64.8,Developing / Squad,0,2.8
Jaskaran Singh,7,Bowling Specialist,8,11,8.0,72.73,0,0,0.0,45.45,4,0,0,77.78,18.5,6,8.76,18.5,27.0,35.14,0,12.91,0,27.97,72.05,0.0,64.5,Developing / Squad,0,2.7
Joginder Sharma,15,Bowling Specialist,36,30,9.0,120.0,1,2,44.44,33.33,16,0,0,128.57,45.3,12,8.87,22.67,33.5,26.1,0,11.13,0,51.78,58.32,0.0,71.3,Core / Star,1,5.0
K Goel,16,Bowling Specialist,218,239,14.53,91.21,17,9,55.96,54.39,38,1,0,96.77,11.2,0,8.24,45.0,55.0,28.36,0,9.8,0,49.7,41.78,0.0,69.8,Core / Star,1,4.3
K Gowtham,35,Specialist Bowler,247,159,13.72,155.35,15,17,65.59,38.99,33,1,0,169.07,99.8,21,7.98,28.52,37.95,34.39,0,12.5,0,70.45,60.0,0.0,75.4,Core / Star,1,7.2
K Kartikeya,12,Bowling Specialist,9,13,4.5,69.23,1,0,44.44,53.85,6,0,0,69.23,40.2,10,7.99,24.1,32.1,28.63,0,10.85,0,32.72,65.61,0.0,65.8,Developing / Squad,0,3.0
K Khejroliya,7,Bowling Specialist,0,0,5.0,60.0,0,0,0.0,60.0,0,0,0,100.0,21.5,5,9.72,25.8,41.8,24.81,0,11.29,0,24.51,43.09,0.0,61.9,Developing / Squad,0,2.1
K Rabada,80,Specialist Bowler,206,207,12.12,99.52,16,8,54.37,48.79,44,1,0,110.14,317.8,120,7.82,15.89,20.72,37.6,12,8.8,2,50.33,87.76,38.0,85.9,Elite / Marquee,2,18.5
K Upadhyay,3,Squad Batter,12,9,12.0,133.33,0,1,50.0,33.33,11,0,0,133.33,9.3,0,8.46,45.0,55.0,35.71,0,9.8,0,58.5,15.0,0.0,70.4,Core / Star,1,4.6
K Yadav,3,Squad Batter,0,4,0.0,0.0,0,0,0.0,100.0,0,0,0,0.0,9.0,2,9.33,27.0,42.0,24.07,0,14.0,0,0.0,15.0,0.0,52.9,Developing / Squad,0,0.9
KA Jamieson,9,Bowling Specialist,65,55,16.25,118.18,5,3,58.46,45.45,16,0,0,147.22,29.8,9,8.65,19.89,28.67,38.55,1,11.7,0,61.22,72.16,3.0,74.5,Core / Star,1,6.6
KA Pollard,168,All-Rounder,3437,2447,28.4,140.46,221,224,64.82,39.52,87,36,16,160.0,264.3,69,7.86,22.99,30.1,25.54,3,9.52,14,77.78,67.52,79.0,91.4,Elite / Marquee,2,24.5
KB Arun Karthik,8,Squad Batter,51,53,10.2,96.23,4,1,43.14,45.28,19,0,0,83.33,0.0,0,10.5,50.0,60.0,25.0,0,11.0,0,43.86,15.0,0.0,66.3,Developing / Squad,0,3.2
KC Cariappa,11,Bowling Specialist,24,21,8.0,114.29,0,2,50.0,38.1,12,0,0,92.31,37.3,8,9.11,28.0,42.5,27.23,0,6.95,0,48.15,46.13,0.0,69.3,Core / Star,1,4.1
KC Sangakkara,68,Specialist Batter,1687,1424,25.95,118.47,195,27,55.84,38.76,94,23,10,153.03,0.0,0,10.5,50.0,60.0,25.0,0,11.0,5,68.74,15.0,45.0,79.1,Core / Star,1,10.0
KD Karthik,233,Specialist Batter,4843,3687,26.32,131.35,466,161,58.43,36.05,97,64,22,165.42,0.0,0,10.5,50.0,60.0,25.0,0,11.0,7,73.3,15.0,58.0,85.7,Elite / Marquee,2,18.1
KH Pandya,117,All-Rounder,1647,1287,21.96,127.97,144,61,57.19,38.93,86,20,1,151.7,363.8,76,6.93,28.72,33.2,30.97,7,7.34,6,67.89,68.4,47.5,84.8,Elite / Marquee,2,20.9
KJ Abbott,5,Bowling Specialist,13,8,13.0,162.5,0,1,46.15,37.5,12,0,0,185.71,17.0,2,10.0,51.0,85.0,27.45,0,12.48,0,68.82,23.72,0.0,74.0,Core / Star,1,6.3
KK Ahmed,57,Specialist Bowler,1,7,0.2,14.29,0,0,0.0,85.71,1,0,0,14.29,224.2,74,8.07,18.18,24.43,38.07,8,9.15,2,4.35,81.04,32.0,80.3,Elite / Marquee,2,11.2
KK Cooper,25,Specialist Bowler,116,70,12.89,165.71,9,8,72.41,41.43,32,1,0,179.55,100.0,33,7.25,18.18,21.97,30.67,5,8.06,1,74.22,85.54,19.0,83.1,Elite / Marquee,2,14.4
KK Nair,68,Specialist Batter,1496,1192,23.75,125.5,161,39,58.69,39.43,83,20,10,171.88,0.0,0,10.5,50.0,60.0,25.0,0,11.0,3,70.55,15.0,37.0,78.8,Core / Star,1,9.8
KL Nagarkoti,11,Bowling Specialist,22,34,5.5,64.71,1,0,18.18,50.0,8,0,0,76.19,30.8,5,9.08,37.0,56.0,27.03,0,11.03,0,27.78,32.71,0.0,62.6,Developing / Squad,0,2.3
KL Rahul,122,Specialist Batter,4689,3578,44.66,131.05,400,187,58.05,35.72,132,60,41,167.11,0.0,0,10.5,50.0,60.0,25.0,0,11.0,13,87.55,15.0,70.0,91.2,Elite / Marquee,2,24.5
KM Asif,7,Bowling Specialist,0,2,0.0,0.0,0,0,0.0,100.0,0,0,0,120.0,23.8,7,9.19,20.43,31.29,32.17,0,13.78,0,9.0,62.52,0.0,58.3,Developing / Squad,0,1.5
KM Jadhav,81,Specialist Batter,1208,1012,22.37,119.37,102,40,53.64,37.06,69,11,4,135.49,0.0,0,10.5,50.0,60.0,25.0,0,11.0,2,64.4,15.0,18.0,77.2,Core / Star,1,8.4
KMA Paul,8,Bowling Specialist,18,26,3.6,69.23,1,1,55.56,65.38,7,0,0,69.23,30.0,9,7.2,20.0,24.0,28.89,2,8.0,1,34.25,81.61,10.0,67.4,Developing / Squad,0,3.5
KMDN Kulasekara,5,Bowling Specialist,5,3,5.0,166.67,1,0,80.0,33.33,5,0,0,166.67,17.8,5,6.45,21.4,23.0,42.06,0,6.0,1,68.85,92.97,4.0,78.1,Core / Star,1,9.2
KP Appanna,13,Bowling Specialist,2,4,2.0,50.0,0,0,0.0,50.0,1,0,0,50.0,37.0,9,7.51,24.67,30.89,30.63,1,11.08,0,16.24,70.3,3.0,61.2,Developing / Squad,0,2.0
KP Pietersen,36,Specialist Batter,1001,758,35.75,132.06,91,40,60.34,38.26,103,15,5,175.71,30.0,7,6.83,25.71,29.29,30.0,0,9.75,3,81.94,74.76,24.5,83.6,Elite / Marquee,2,15.0
KR Mayers,13,Specialist Batter,379,276,29.15,137.32,38,22,74.93,51.09,73,5,4,120.0,7.7,0,7.17,45.0,55.0,30.43,0,9.8,0,76.7,15.0,10.0,76.3,Core / Star,1,7.8
KR Sen,12,Bowling Specialist,0,3,0.0,0.0,0,0,0.0,100.0,0,0,0,0.0,42.5,14,8.75,18.21,26.57,32.55,2,12.18,0,0.0,71.42,6.0,56.4,Developing / Squad,0,1.3
KS Bharat,8,Squad Batter,199,168,28.43,118.45,12,8,48.24,36.9,78,3,1,152.38,0.0,0,10.5,50.0,60.0,25.0,0,11.0,1,69.1,15.0,6.5,74.2,Core / Star,1,6.4
KS Sharma,3,Squad Batter,16,25,5.33,64.0,1,0,25.0,48.0,9,0,0,120.0,0.0,0,10.5,50.0,60.0,25.0,0,11.0,0,32.15,15.0,0.0,62.5,Developing / Squad,0,2.2
KS Williamson,76,Specialist Batter,2132,1734,35.53,122.95,187,64,53.1,35.87,89,28,18,160.28,3.0,0,9.5,45.0,55.0,11.11,0,9.8,6,77.17,15.0,54.0,82.5,Elite / Marquee,2,13.6
KV Sharma,82,Specialist Bowler,351,306,13.5,114.71,20,17,51.85,40.85,39,2,0,129.32,253.3,76,8.14,20.0,27.13,31.78,4,11.26,1,55.66,73.66,16.0,81.7,Elite / Marquee,2,12.7
KW Richardson,15,Specialist Bowler,36,39,12.0,92.31,2,1,38.89,43.59,26,0,0,80.95,57.5,19,7.97,18.16,24.11,37.39,1,10.28,0,43.38,81.74,3.0,79.4,Core / Star,1,10.3
Kamran Akmal,6,Squad Batter,128,78,25.6,164.1,13,8,78.12,42.31,53,1,1,152.94,0.0,0,10.5,50.0,60.0,25.0,0,11.0,0,82.9,15.0,2.5,77.8,Core / Star,1,8.9
Kamran Khan,9,Bowling Specialist,3,5,3.0,60.0,0,0,0.0,60.0,3,0,0,0.0,29.5,10,7.73,17.7,22.8,35.59,1,8.5,0,15.46,84.13,3.0,61.5,Developing / Squad,0,2.1
Karanveer Singh,9,Bowling Specialist,12,17,12.0,70.59,1,0,33.33,52.94,5,0,0,80.0,35.5,12,8.79,17.75,26.0,30.05,2,11.77,0,37.44,70.67,6.0,67.3,Developing / Squad,0,3.5
Kartik Tyagi,20,Specialist Bowler,13,16,3.25,81.25,1,0,30.77,43.75,7,0,0,81.25,76.3,15,8.84,30.53,45.0,32.31,0,9.69,1,32.55,46.45,4.0,69.0,Core / Star,1,4.0
Kuldeep Yadav,82,Specialist Bowler,183,224,15.25,81.7,16,3,44.81,51.79,35,1,0,87.17,297.7,87,7.86,20.53,26.89,29.12,8,8.01,7,45.23,74.1,52.0,83.9,Elite / Marquee,2,15.4
Kumar Kushagra,3,Squad Batter,3,7,1.0,42.86,0,0,0.0,71.43,2,0,0,0.0,0.0,0,10.5,50.0,60.0,25.0,0,11.0,0,10.15,15.0,0.0,56.0,Developing / Squad,0,1.3
L Ablish,3,Squad Batter,0,2,0.0,0.0,0,0,0.0,100.0,0,0,0,0.0,7.5,3,9.6,15.0,24.0,22.22,0,4.29,0,0.0,15.0,0.0,52.9,Developing / Squad,0,0.9
L Balaji,73,Specialist Bowler,36,50,4.5,72.0,2,1,38.89,58.0,15,0,0,76.09,262.3,76,7.44,20.71,25.68,34.12,7,9.53,3,32.73,80.45,33.0,82.9,Elite / Marquee,2,14.1
L Ngidi,14,Specialist Bowler,0,0,5.0,60.0,0,0,0.0,60.0,0,0,0,100.0,57.0,25,7.54,13.68,17.2,38.3,4,8.42,1,24.51,95.21,16.0,82.8,Elite / Marquee,2,14.0
L Ronchi,5,Squad Batter,34,37,6.8,91.89,6,1,88.24,70.27,13,0,0,120.0,0.0,0,10.5,50.0,60.0,25.0,0,11.0,0,52.04,15.0,0.0,68.5,Core / Star,1,3.9
LA Carseldine,5,Squad Batter,81,71,20.25,114.08,11,0,54.32,43.66,39,1,0,153.85,1.2,1,9.5,7.0,5.0,57.14,0,9.8,0,63.11,15.0,0.0,71.8,Core / Star,1,5.2
LA Pomersbach,16,Specialist Batter,302,251,27.45,120.32,25,13,58.94,43.43,79,3,1,131.37,0.0,0,10.5,50.0,60.0,25.0,0,11.0,0,69.31,15.0,2.5,74.3,Core / Star,1,6.5
LE Plunkett,7,Bowling Specialist,1,3,1.0,33.33,0,0,0.0,66.67,1,0,0,33.33,25.7,4,8.61,38.5,55.25,25.32,1,8.33,0,10.57,36.56,3.0,57.4,Developing / Squad,0,1.4
LH Ferguson,45,Specialist Bowler,68,48,22.67,141.67,6,2,52.94,29.17,24,0,0,141.67,167.0,48,8.24,20.88,28.67,35.03,4,9.81,3,69.84,72.57,24.0,81.0,Elite / Marquee,2,11.9
LJ Wright,6,Bowling Specialist,106,63,21.2,168.25,16,3,77.36,34.92,44,2,0,221.05,12.5,2,9.6,37.5,60.0,18.67,0,11.74,1,85.34,23.34,4.0,79.4,Core / Star,1,10.3
LMP Simmons,29,Specialist Batter,1079,878,39.96,122.89,109,44,64.87,45.79,100,17,12,147.37,3.0,1,9.5,18.0,34.0,11.11,0,12.0,3,81.99,15.0,42.0,80.1,Elite / Marquee,2,11.0
LPC Silva,3,Squad Batter,40,27,20.0,148.15,5,1,65.0,37.04,23,0,0,230.0,1.0,0,9.5,45.0,55.0,0.0,0,10.5,0,78.21,15.0,0.0,76.2,Core / Star,1,7.7
LR Shukla,33,Specialist Bowler,405,358,15.0,113.13,33,16,56.3,42.46,48,3,0,128.07,54.3,15,7.9,21.73,28.6,33.44,2,8.34,1,57.28,73.52,10.0,79.1,Core / Star,1,10.0
LRPL Taylor,54,Specialist Batter,1017,847,25.42,120.07,66,46,53.1,39.43,81,11,3,152.94,2.2,0,9.5,45.0,55.0,0.0,0,9.8,3,68.13,15.0,19.5,77.3,Core / Star,1,8.5
LS Livingstone,39,Specialist Batter,939,609,28.45,154.19,66,66,70.29,36.95,94,11,6,198.6,44.5,11,8.63,24.27,34.91,26.59,1,8.14,1,84.81,57.86,22.0,82.8,Elite / Marquee,2,14.0
Lalit Yadav,21,Specialist Batter,305,301,19.06,101.33,27,7,49.18,42.86,48,3,0,110.59,49.0,10,8.55,29.4,41.9,27.89,0,9.0,0,55.12,49.33,0.0,72.1,Core / Star,1,5.3
M Ashwin,44,Specialist Bowler,35,50,3.89,70.0,2,1,40.0,54.0,9,0,0,81.08,149.7,35,7.56,25.66,32.31,31.51,2,8.43,0,32.42,68.32,6.0,76.4,Core / Star,1,7.9
M Jansen,21,Specialist Bowler,66,71,9.43,92.96,5,2,48.48,47.89,17,0,0,87.76,81.2,20,8.19,24.35,33.25,36.14,1,9.91,1,43.95,66.88,7.0,75.8,Core / Star,1,7.4
M Kaif,22,Specialist Batter,259,258,14.39,100.39,22,6,47.88,46.51,34,2,0,120.0,0.0,0,10.5,50.0,60.0,25.0,0,11.0,0,51.73,15.0,0.0,69.4,Core / Star,1,4.2
M Kartik,55,Specialist Bowler,113,109,16.14,103.67,7,1,30.09,29.36,21,0,0,101.3,197.0,31,6.81,38.13,43.26,32.32,1,7.94,1,48.85,58.06,7.0,75.2,Core / Star,1,7.1
M Klinger,4,Squad Batter,73,78,18.25,93.59,9,0,49.32,46.15,29,0,0,120.0,0.0,0,10.5,50.0,60.0,25.0,0,11.0,0,53.53,15.0,0.0,68.9,Core / Star,1,4.0
M Manhas,38,Specialist Batter,514,486,22.35,105.76,43,10,45.14,40.53,42,5,0,128.42,7.0,0,6.0,45.0,55.0,35.71,0,10.5,0,59.18,15.0,0.0,72.4,Core / Star,1,5.5
M Markande,37,Specialist Bowler,48,44,16.0,109.09,5,1,54.17,45.45,18,0,0,111.63,122.8,37,8.56,19.92,28.41,28.49,3,10.38,0,55.51,67.97,9.0,77.1,Core / Star,1,8.4
M Morkel,70,Specialist Bowler,126,93,11.45,135.48,11,5,58.73,37.63,23,0,0,139.76,283.2,77,7.08,22.06,26.04,41.67,6,8.66,2,60.77,85.2,26.0,85.2,Elite / Marquee,2,17.3
M Muralitharan,66,Specialist Bowler,20,30,3.33,66.67,1,0,20.0,56.67,6,0,0,66.67,263.5,64,6.23,24.7,25.66,37.95,5,7.58,2,26.17,86.7,23.0,83.6,Elite / Marquee,2,15.0
M Ntini,9,Bowling Specialist,11,19,11.0,57.89,2,0,72.73,78.95,11,0,0,57.89,35.5,7,6.7,30.43,34.0,46.48,1,8.11,2,40.11,75.13,11.0,69.3,Core / Star,1,4.1
M Pathirana,20,Specialist Bowler,0,0,5.0,60.0,0,0,0.0,60.0,0,0,0,100.0,83.8,34,6.25,14.79,15.41,31.81,4,6.98,2,24.51,102.7,20.0,85.8,Elite / Marquee,2,18.3
M Prasidh Krishna,51,Specialist Bowler,9,24,3.0,37.5,0,0,0.0,62.5,4,0,0,37.5,205.2,50,7.89,24.62,32.38,38.59,5,8.93,0,13.35,70.58,15.0,76.4,Core / Star,1,7.9
M Rawat,11,Squad Batter,55,70,11.0,78.57,4,1,40.0,48.57,23,0,0,86.96,0.0,0,10.5,50.0,60.0,25.0,0,11.0,0,40.26,15.0,0.0,65.4,Developing / Squad,0,2.9
M Shahrukh Khan,37,Specialist Batter,553,413,19.75,133.9,35,37,65.46,41.16,58,4,1,149.26,2.0,0,9.5,45.0,55.0,25.0,0,10.5,0,68.94,15.0,2.5,75.3,Core / Star,1,7.1
M Siddharth,3,Squad Batter,0,0,5.0,60.0,0,0,0.0,60.0,0,0,0,100.0,9.7,1,6.83,58.0,66.0,37.93,0,9.8,0,24.51,15.0,0.0,60.2,Developing / Squad,0,1.8
M Theekshana,27,Specialist Bowler,7,7,7.0,100.0,0,1,85.71,71.43,7,0,0,175.0,105.2,25,7.5,25.24,31.56,30.11,2,7.43,0,57.59,69.03,6.0,77.0,Core / Star,1,8.3
M Vijay,105,Specialist Batter,2619,2208,25.93,118.61,247,91,58.57,44.7,127,36,15,173.61,6.2,0,7.78,45.0,55.0,21.62,0,9.8,6,70.85,15.0,54.0,82.2,Elite / Marquee,2,13.2
M Vohra,51,Specialist Batter,1083,863,22.1,125.49,104,43,62.23,45.54,95,15,3,221.43,0.0,0,10.5,50.0,60.0,25.0,0,11.0,3,73.69,15.0,19.5,78.8,Core / Star,1,9.8
M de Lange,5,Bowling Specialist,1,2,1.0,50.0,0,0,0.0,50.0,1,0,0,50.0,19.3,5,8.12,23.2,31.4,33.62,1,10.88,0,15.47,68.55,3.0,60.5,Developing / Squad,0,1.9
MA Agarwal,121,Specialist Batter,2669,2081,22.81,128.26,265,98,61.75,40.03,106,32,14,207.56,0.0,0,10.5,50.0,60.0,25.0,0,11.0,4,73.71,15.0,46.0,83.0,Elite / Marquee,2,14.2
MA Khote,3,Squad Batter,24,22,12.0,109.09,2,1,58.33,45.45,9,0,0,120.0,5.0,2,10.2,15.0,25.5,16.67,0,11.5,0,53.86,15.0,0.0,69.0,Core / Star,1,4.0
MA Starc,39,Specialist Bowler,105,109,11.67,96.33,11,0,41.9,42.2,29,0,0,91.89,146.5,51,7.3,17.24,20.98,38.0,7,7.89,3,45.42,90.53,33.0,84.7,Elite / Marquee,2,16.6
MA Wood,5,Bowling Specialist,12,10,6.0,120.0,1,1,83.33,60.0,10,0,0,120.0,21.2,11,8.13,11.55,15.64,37.01,2,10.88,1,56.58,92.8,10.0,74.4,Core / Star,1,6.6
MC Henriques,60,All-Rounder,1000,801,27.78,124.84,87,28,51.6,35.46,74,12,5,164.22,163.2,42,7.7,23.31,29.9,31.26,2,8.85,2,71.55,71.36,26.5,81.1,Elite / Marquee,2,15.0
MC Juneja,7,Squad Batter,125,134,17.86,93.28,11,1,40.0,40.3,49,1,0,106.25,0.0,0,10.5,50.0,60.0,25.0,0,11.0,0,50.26,15.0,0.0,68.1,Core / Star,1,3.7
MD Mishra,17,Squad Batter,237,213,14.81,111.27,24,8,60.76,47.89,41,2,0,142.11,0.0,0,10.5,50.0,60.0,25.0,0,11.0,1,58.67,15.0,4.0,71.6,Core / Star,1,5.1
MD Shanaka,3,Squad Batter,26,26,13.0,100.0,2,1,53.85,46.15,17,0,0,100.0,0.0,0,10.5,50.0,60.0,25.0,0,11.0,0,50.26,15.0,0.0,67.9,Developing / Squad,0,3.7
MEK Hussey,58,Specialist Batter,1977,1648,38.76,119.96,198,52,55.84,39.02,116,28,16,189.13,0.0,0,10.5,50.0,60.0,25.0,0,11.0,12,81.74,15.0,70.0,85.6,Elite / Marquee,2,20.7
MF Maharoof,20,Specialist Bowler,177,124,17.7,142.74,12,9,57.63,35.48,39,1,0,150.0,73.5,27,6.72,16.33,18.3,37.41,1,8.57,1,67.77,97.81,7.0,86.2,Elite / Marquee,2,19.0
MG Bracewell,5,Bowling Specialist,58,49,29.0,118.37,6,1,51.72,34.69,26,0,0,92.86,11.0,6,8.64,11.0,15.83,39.39,0,9.8,0,65.76,89.96,0.0,76.6,Core / Star,1,8.0
MG Johnson,54,Specialist Bowler,167,168,12.85,99.4,10,7,49.1,47.62,16,0,0,106.8,216.8,62,7.53,20.98,26.34,41.12,3,8.66,2,49.57,82.52,17.0,82.9,Elite / Marquee,2,14.1
MJ Clarke,6,Bowling Specialist,98,96,16.33,102.08,12,0,48.98,44.79,41,1,0,120.0,11.0,2,6.09,33.0,33.5,33.33,0,10.5,0,53.83,69.65,0.0,72.0,Core / Star,1,5.3
MJ Guptill,13,Squad Batter,271,197,22.58,137.56,24,15,68.63,44.67,50,5,1,120.0,0.0,0,10.5,50.0,60.0,25.0,0,11.0,0,70.38,15.0,2.5,74.4,Core / Star,1,6.6
MJ Henry,6,Bowling Specialist,0,0,5.0,60.0,0,0,0.0,60.0,0,0,0,100.0,17.5,2,10.17,52.5,89.0,29.52,0,12.9,0,24.51,23.06,0.0,60.8,Developing / Squad,0,1.9
MJ Lumb,12,Squad Batter,278,198,23.17,140.4,45,6,77.7,48.48,83,5,1,120.0,0.0,0,10.5,50.0,60.0,25.0,0,11.0,1,73.27,15.0,6.5,75.7,Core / Star,1,7.4
MJ McClenaghan,56,Specialist Bowler,85,73,6.54,116.44,5,7,72.94,53.42,20,0,0,107.69,224.3,71,7.69,18.96,24.31,37.67,8,8.3,2,53.22,83.12,32.0,83.4,Elite / Marquee,2,14.8
MJ Santner,18,Specialist Bowler,70,77,11.67,90.91,4,3,48.57,49.35,22,0,0,133.33,61.7,15,6.66,24.67,27.4,36.22,0,5.67,0,48.68,81.6,0.0,79.8,Core / Star,1,10.7
MK Lomror,35,Specialist Batter,527,389,18.17,135.48,33,30,59.2,34.96,54,7,1,150.33,15.7,1,7.85,94.0,123.0,23.4,0,9.8,0,66.88,43.2,2.5,76.0,Core / Star,1,7.6
MK Pandey,158,Specialist Batter,3859,3288,29.02,117.37,335,111,51.98,37.93,114,52,23,141.98,0.0,0,10.5,50.0,60.0,25.0,0,11.0,5,69.29,15.0,50.0,83.7,Elite / Marquee,2,15.2
MK Tiwary,83,Specialist Batter,1695,1489,28.73,113.83,156,40,50.97,38.35,75,25,7,140.14,7.5,1,10.4,45.0,78.0,20.0,0,12.46,3,67.95,15.0,29.5,78.8,Core / Star,1,9.8
ML Hayden,32,Specialist Batter,1107,839,35.71,131.94,121,44,67.57,43.74,93,17,8,181.13,0.0,0,10.5,50.0,60.0,25.0,0,11.0,4,83.74,15.0,36.0,81.2,Elite / Marquee,2,12.1
MM Ali,57,All-Rounder,1162,849,22.78,136.87,95,67,67.3,40.75,93,15,6,169.09,128.3,35,6.86,22.0,25.17,34.55,3,7.58,2,73.8,83.95,32.0,83.5,Elite / Marquee,2,18.6
MM Patel,63,Specialist Bowler,39,41,6.5,95.12,5,0,51.28,43.9,23,0,0,102.63,230.3,74,7.25,18.68,22.57,42.69,7,10.11,2,43.82,90.58,29.0,85.5,Elite / Marquee,2,17.8
MM Sharma,111,Specialist Bowler,124,137,7.29,90.51,9,4,48.39,50.36,21,0,0,100.0,384.7,132,8.32,17.48,24.24,33.88,16,9.53,5,42.65,77.81,50.0,85.6,Elite / Marquee,2,18.0
MN Samuels,14,Bowling Specialist,161,174,12.38,92.53,9,7,48.45,49.43,46,2,0,147.06,36.5,9,7.62,24.33,30.89,36.07,1,9.74,1,50.59,72.58,7.0,72.1,Core / Star,1,5.3
MN van Wyk,5,Squad Batter,167,135,55.67,123.7,19,1,49.1,32.59,74,3,1,153.49,0.0,0,10.5,50.0,60.0,25.0,0,11.0,0,91.69,15.0,2.5,80.3,Elite / Marquee,2,11.2
MP Stoinis,88,All-Rounder,1866,1366,28.27,136.6,150,91,61.41,36.68,124,21,10,159.24,138.5,43,8.95,19.33,28.84,26.35,4,11.93,9,76.09,64.14,73.0,85.3,Elite / Marquee,2,21.9
MP Yadav,4,Bowling Specialist,0,0,5.0,60.0,0,0,0.0,60.0,0,0,0,100.0,12.7,7,6.47,10.86,11.71,51.32,2,10.5,2,24.51,117.9,14.0,66.6,Developing / Squad,0,3.3
MR Marsh,36,All-Rounder,665,532,19.56,125.0,48,38,63.16,42.67,89,7,3,138.84,98.8,37,7.71,16.03,20.59,30.52,3,9.91,3,65.6,85.05,28.5,81.6,Elite / Marquee,2,15.7
MS Bisla,39,Specialist Batter,798,737,21.0,108.28,93,23,63.91,50.88,92,6,4,157.58,0.0,0,10.5,50.0,60.0,25.0,0,11.0,1,64.62,15.0,14.0,74.5,Core / Star,1,6.6
MS Dhoni,228,Specialist Batter,5243,3947,39.13,132.84,363,252,56.53,36.05,84,66,24,168.13,0.0,0,10.5,50.0,60.0,25.0,0,11.0,17,83.41,15.0,70.0,91.6,Elite / Marquee,2,24.5
MS Gony,44,Specialist Bowler,99,76,9.9,130.26,6,8,72.73,51.32,42,1,0,149.15,154.2,37,8.11,25.0,33.78,37.62,2,9.87,1,61.93,67.15,10.0,78.0,Core / Star,1,9.1
MS Wade,14,Squad Batter,183,185,13.07,98.92,23,2,56.83,50.27,35,2,0,120.0,0.0,0,10.5,50.0,60.0,25.0,0,11.0,0,52.17,15.0,0.0,69.1,Core / Star,1,4.1
MV Boucher,23,Specialist Batter,394,318,28.14,123.9,32,13,52.28,36.48,50,6,1,154.61,0.0,0,10.5,50.0,60.0,25.0,0,11.0,2,71.04,15.0,10.5,76.0,Core / Star,1,7.6
MW Short,6,Squad Batter,117,99,19.5,118.18,15,4,71.79,52.53,36,2,0,120.0,4.2,0,9.5,45.0,55.0,44.0,0,9.8,0,64.38,15.0,0.0,72.3,Core / Star,1,5.4
Mandeep Singh,97,Specialist Batter,1706,1418,20.8,120.31,176,38,54.63,39.14,77,18,6,146.43,2.0,0,9.5,45.0,55.0,8.33,0,9.8,3,64.4,15.0,27.0,78.5,Core / Star,1,9.5
Mayank Dagar,8,Bowling Specialist,0,1,0.0,0.0,0,0,0.0,100.0,0,0,0,0.0,23.0,2,8.61,69.0,99.0,31.16,0,7.76,0,0.0,39.48,0.0,54.5,Developing / Squad,0,1.1
Misbah-ul-Haq,8,Squad Batter,117,82,16.71,142.68,10,6,64.96,37.8,47,2,0,210.0,0.0,0,10.5,50.0,60.0,25.0,0,11.0,0,72.95,15.0,0.0,74.9,Core / Star,1,6.9
Mohammad Asif,8,Bowling Specialist,3,6,1.5,50.0,0,0,0.0,50.0,3,0,0,33.33,33.2,8,8.71,24.88,36.12,32.16,0,9.33,0,14.6,58.66,0.0,59.8,Developing / Squad,0,1.8
Mohammad Hafeez,8,Bowling Specialist,64,84,9.14,76.19,7,2,62.5,60.71,16,0,0,111.11,10.5,2,5.81,31.5,30.5,34.92,0,9.8,0,44.61,76.17,0.0,69.7,Core / Star,1,4.3
Mohammad Nabi,23,Specialist Bowler,221,157,13.0,140.76,18,12,65.16,38.22,37,1,0,140.22,69.8,15,7.36,27.93,34.27,34.84,1,10.0,0,64.45,67.57,3.0,76.7,Core / Star,1,8.1
Mohammed Shami,110,Specialist Bowler,74,82,5.69,90.24,6,2,48.65,50.0,21,0,0,88.06,420.2,127,7.82,19.85,25.87,39.03,13,9.79,3,40.5,80.77,42.0,85.4,Elite / Marquee,2,17.7
Mohammed Siraj,93,Specialist Bowler,109,122,10.9,89.34,10,4,58.72,55.74,14,0,0,89.34,346.8,93,7.72,22.38,28.77,38.73,7,8.66,4,46.47,76.7,37.0,84.0,Elite / Marquee,2,15.6
Mohsin Khan,23,Specialist Bowler,25,27,8.33,92.59,2,1,56.0,55.56,13,0,0,100.0,84.5,27,7.85,18.78,24.56,41.22,3,9.46,1,45.43,83.65,13.0,80.9,Elite / Marquee,2,11.8
Mujeeb Ur Rahman,19,Specialist Bowler,12,15,4.0,80.0,2,0,66.67,60.0,10,0,0,91.67,75.3,19,7.49,23.79,29.68,32.52,1,10.68,1,40.82,73.16,7.0,77.4,Core / Star,1,8.6
Mukesh Choudhary,14,Specialist Bowler,6,6,6.0,100.0,1,0,66.67,50.0,4,0,0,100.0,49.7,16,8.7,18.62,27.0,40.27,3,11.45,1,47.38,74.99,13.0,78.0,Core / Star,1,9.1
Mukesh Kumar,20,Specialist Bowler,10,20,10.0,50.0,0,0,0.0,50.0,6,0,0,50.0,70.0,24,9.61,17.5,28.04,30.95,3,10.51,0,22.47,63.4,9.0,73.1,Core / Star,1,5.8
Mustafizur Rahman,57,Specialist Bowler,13,23,13.0,56.52,0,1,46.15,65.22,8,0,0,56.52,225.5,61,7.55,22.18,27.92,34.29,6,8.36,2,35.94,76.57,26.0,80.6,Elite / Marquee,2,11.5
N Burger,5,Bowling Specialist,0,0,5.0,60.0,0,0,0.0,60.0,0,0,0,100.0,17.5,7,7.89,15.0,19.71,43.81,0,3.79,0,24.51,91.89,0.0,64.4,Developing / Squad,0,2.7
N Jagadeesan,10,Squad Batter,162,155,18.0,104.52,21,2,59.26,47.1,39,3,0,68.75,0.0,0,10.5,50.0,60.0,25.0,0,11.0,0,53.87,15.0,0.0,69.3,Core / Star,1,4.1
N Pooran,72,Specialist Batter,1769,1143,31.04,154.77,113,127,68.63,36.83,77,30,9,160.09,0.0,0,10.5,50.0,60.0,25.0,0,11.0,3,83.73,15.0,34.5,82.9,Elite / Marquee,2,14.1
N Rana,101,Specialist Batter,2636,2015,28.34,130.82,234,132,65.55,41.44,87,35,18,167.08,30.8,10,8.01,18.5,24.7,31.35,0,6.5,5,76.3,77.66,50.0,86.4,Elite / Marquee,2,19.3
N Saini,10,Squad Batter,140,143,14.0,97.9,16,0,45.71,47.55,50,2,1,87.5,0.0,0,10.5,50.0,60.0,25.0,0,11.0,0,48.01,15.0,2.5,67.6,Developing / Squad,0,3.6
N Thushara,7,Bowling Specialist,0,0,5.0,60.0,0,0,0.0,60.0,0,0,0,100.0,28.7,8,8.34,21.5,29.88,28.49,2,8.24,0,24.51,67.1,6.0,63.2,Developing / Squad,0,2.4
N Wadhera,16,Specialist Batter,350,261,23.33,134.1,32,18,67.43,41.0,64,5,2,176.79,2.0,0,9.5,45.0,55.0,16.67,0,9.8,0,74.23,15.0,5.0,75.7,Core / Star,1,7.4
ND Doshi,4,Squad Batter,0,13,0.0,0.0,0,0,0.0,100.0,0,0,0,0.0,9.5,2,8.21,28.5,39.0,42.11,0,5.5,0,0.0,15.0,0.0,53.0,Developing / Squad,0,1.0
NJ Maddinson,3,Squad Batter,20,21,6.67,95.24,4,0,80.0,71.43,12,0,0,120.0,0.0,0,10.5,50.0,60.0,25.0,0,11.0,0,51.02,15.0,0.0,68.1,Core / Star,1,3.7
NK Patel,6,Squad Batter,121,124,30.25,97.58,14,1,51.24,49.19,57,2,1,160.87,0.0,0,10.5,50.0,60.0,25.0,0,11.0,0,67.19,15.0,2.5,73.1,Core / Star,1,5.8
NLTC Perera,36,Specialist Bowler,424,326,19.27,130.06,23,26,58.49,39.57,40,5,0,141.27,119.2,31,8.37,23.06,32.19,31.75,3,10.76,0,65.73,65.39,9.0,76.8,Core / Star,1,8.1
NM Coulter-Nile,38,Specialist Bowler,82,75,7.45,109.33,7,4,63.41,52.0,24,0,0,123.73,148.7,48,7.15,18.58,22.15,41.26,7,8.8,5,51.67,91.06,41.0,86.1,Elite / Marquee,2,18.8
NS Naik,4,Squad Batter,31,53,7.75,58.49,2,0,25.81,58.49,22,0,0,59.09,0.0,0,10.5,50.0,60.0,25.0,0,11.0,0,28.42,15.0,0.0,61.5,Developing / Squad,0,2.1
NT Ellis,16,Specialist Bowler,19,26,4.75,73.08,0,1,31.58,53.85,12,0,0,100.0,60.8,18,8.15,20.28,27.56,30.68,2,10.39,1,33.5,72.46,10.0,76.6,Core / Star,1,8.0
NV Ojha,94,Specialist Batter,1554,1360,20.72,114.26,121,79,61.65,47.65,94,11,6,133.44,0.0,0,10.5,50.0,60.0,25.0,0,11.0,1,63.45,15.0,19.0,77.1,Core / Star,1,8.4
Naman Dhir,7,Squad Batter,140,84,23.33,166.67,12,10,77.14,41.67,62,2,1,211.11,4.8,0,9.5,45.0,55.0,10.34,0,9.8,0,85.87,15.0,2.5,78.7,Core / Star,1,9.7
Navdeep Saini,31,Specialist Bowler,33,38,8.25,86.84,3,0,36.36,44.74,12,0,0,103.7,113.7,24,8.01,28.42,37.96,39.88,1,8.36,0,40.46,62.63,3.0,74.4,Core / Star,1,6.6
Naveen-ul-Haq,17,Specialist Bowler,18,26,18.0,69.23,2,0,44.44,61.54,13,0,0,80.95,67.8,25,8.42,16.28,22.84,32.68,4,8.31,0,44.1,78.54,12.0,78.6,Core / Star,1,9.6
Nithish Kumar Reddy,11,Bowling Specialist,303,221,33.67,137.1,15,21,61.39,37.1,76,4,2,170.97,19.7,3,10.07,39.33,66.0,24.58,0,11.17,1,81.28,21.59,9.0,78.4,Core / Star,1,9.4
Noor Ahmad,23,Specialist Bowler,13,18,3.25,72.22,2,0,61.54,61.11,7,0,0,80.0,85.5,24,7.45,21.38,26.54,33.33,1,6.68,0,36.63,78.65,3.0,78.5,Core / Star,1,9.5
O Thomas,4,Bowling Specialist,0,0,5.0,60.0,0,0,0.0,60.0,0,0,0,100.0,10.5,5,7.24,12.6,15.2,26.98,0,6.86,0,24.51,94.65,0.0,64.5,Developing / Squad,0,2.7
OA Shah,22,Specialist Batter,506,405,33.73,124.94,34,23,54.15,36.79,76,6,4,150.28,0.0,0,10.5,50.0,60.0,25.0,0,11.0,0,75.67,15.0,10.0,76.5,Core / Star,1,7.9
OC McCoy,8,Bowling Specialist,8,5,8.0,160.0,0,1,75.0,40.0,8,0,0,160.0,30.0,11,7.7,16.36,21.0,27.22,1,7.69,0,68.22,82.85,3.0,77.1,Core / Star,1,8.4
OF Smith,6,Bowling Specialist,51,50,17.0,102.0,1,5,66.67,58.0,25,0,0,120.0,15.8,6,10.93,15.83,28.83,36.84,1,12.9,1,57.87,56.4,7.0,72.9,Core / Star,1,5.7
P Amarnath,6,Bowling Specialist,0,0,5.0,60.0,0,0,0.0,60.0,0,0,0,100.0,22.0,7,10.73,18.86,33.71,21.97,0,13.0,0,24.51,45.07,0.0,62.0,Developing / Squad,0,2.1
P Awana,33,Specialist Bowler,5,14,2.5,35.71,0,0,0.0,64.29,4,0,0,35.71,129.0,39,7.75,19.85,25.64,37.86,4,9.67,0,12.43,80.89,12.0,78.5,Core / Star,1,9.5
P Dogra,12,Squad Batter,127,141,11.55,90.07,4,5,36.22,44.68,41,1,0,114.06,0.0,0,10.5,50.0,60.0,25.0,0,11.0,0,44.48,15.0,0.0,66.7,Developing / Squad,0,3.3
P Dubey,4,Bowling Specialist,23,33,23.0,69.7,2,0,34.78,51.52,16,0,0,58.82,11.2,1,8.06,67.0,90.0,29.85,0,10.5,0,44.5,44.32,0.0,67.8,Developing / Squad,0,3.6
P Kumar,119,Specialist Bowler,340,323,8.95,105.26,22,17,55.88,48.92,34,1,0,109.7,439.5,90,7.07,29.3,34.51,40.77,3,9.6,2,49.39,70.77,17.0,82.9,Elite / Marquee,2,14.1
P Negi,42,Specialist Bowler,365,301,14.04,121.26,27,16,55.89,41.2,36,3,0,134.55,122.2,34,7.55,21.56,27.12,32.33,2,10.16,2,58.71,76.8,14.0,81.1,Elite / Marquee,2,12.0
P Parameswaran,8,Bowling Specialist,1,3,1.0,33.33,0,0,0.0,66.67,1,0,0,33.33,26.5,9,8.26,17.67,24.33,40.25,1,8.78,1,10.57,81.22,7.0,60.3,Developing / Squad,0,1.8
P Sahu,5,Bowling Specialist,19,13,19.0,146.15,1,1,52.63,30.77,18,0,0,146.15,17.8,3,8.07,35.67,48.0,22.43,0,10.0,0,68.24,40.52,0.0,74.7,Core / Star,1,6.7
P Simran Singh,34,Specialist Batter,756,528,22.24,143.18,78,41,73.81,45.64,103,9,4,151.43,0.0,0,10.5,50.0,60.0,25.0,0,11.0,1,74.74,15.0,14.0,77.3,Core / Star,1,8.5
P Suyal,5,Bowling Specialist,0,0,5.0,60.0,0,0,0.0,60.0,0,0,0,100.0,17.8,2,7.85,53.5,70.0,33.64,0,8.67,0,24.51,48.32,0.0,62.1,Developing / Squad,0,2.2
PA Patel,136,Specialist Batter,2848,2442,22.6,116.63,365,49,61.59,44.27,81,37,13,131.94,0.0,0,10.5,50.0,60.0,25.0,0,11.0,5,65.3,15.0,50.0,81.7,Elite / Marquee,2,12.7
PA Reddy,10,Squad Batter,164,167,16.4,98.2,15,2,43.9,43.11,42,1,0,300.0,0.0,0,10.5,50.0,60.0,25.0,0,11.0,0,65.52,15.0,0.0,72.8,Core / Star,1,5.7
PBB Rajapaksa,13,Squad Batter,277,201,21.31,137.81,22,15,64.26,39.8,50,5,1,75.0,0.0,0,10.5,50.0,60.0,25.0,0,11.0,0,65.2,15.0,2.5,72.9,Core / Star,1,5.7
PC Valthaty,23,Specialist Batter,505,432,22.95,116.9,61,20,72.08,53.24,120,5,3,209.09,25.5,7,7.8,21.86,28.43,28.76,1,8.7,2,73.52,71.93,18.5,79.8,Core / Star,1,10.7
PD Collingwood,7,Bowling Specialist,203,159,40.6,127.67,9,13,56.16,37.74,75,3,3,180.0,15.0,5,6.67,18.0,20.0,26.67,0,5.48,1,84.24,89.69,11.5,82.6,Elite / Marquee,2,13.7
PD Salt,21,Specialist Batter,653,385,34.37,169.61,74,34,76.57,37.4,89,9,6,184.21,0.0,0,10.5,50.0,60.0,25.0,0,11.0,2,92.96,15.0,23.0,82.5,Elite / Marquee,2,13.6
PJ Cummins,58,Specialist Bowler,515,359,19.81,143.45,33,34,65.24,41.78,66,7,3,149.8,228.3,63,8.11,21.75,29.4,34.09,5,9.47,2,71.07,71.71,30.5,81.1,Elite / Marquee,2,12.0
PJ Sangwan,42,Specialist Bowler,26,47,3.25,55.32,1,0,15.38,57.45,6,0,0,59.46,150.8,38,7.84,23.82,31.11,35.25,3,9.32,0,22.16,70.96,9.0,76.5,Core / Star,1,7.9
PK Garg,19,Squad Batter,273,247,15.17,110.53,16,9,43.22,38.06,51,2,1,158.54,0.0,0,10.5,50.0,60.0,25.0,0,11.0,1,56.51,15.0,6.5,71.1,Core / Star,1,4.9
PN Mankad,5,Squad Batter,97,75,32.33,129.33,13,2,65.98,42.67,64,1,1,163.64,0.0,0,10.5,50.0,60.0,25.0,0,11.0,1,78.91,15.0,6.5,77.0,Core / Star,1,8.3
PP Chawla,191,All-Rounder,624,580,11.14,107.59,56,20,55.13,45.34,24,0,0,117.05,649.2,192,7.74,20.29,26.18,34.02,15,8.39,3,52.0,78.21,42.0,84.1,Elite / Marquee,2,19.6
PP Ojha,90,Specialist Bowler,16,45,1.33,35.56,0,0,0.0,66.67,3,0,0,37.21,324.2,89,6.97,21.85,25.4,34.29,5,8.77,1,11.6,83.01,19.0,82.6,Elite / Marquee,2,13.7
PP Shaw,79,Specialist Batter,1892,1321,23.95,143.22,238,61,69.66,39.52,99,25,14,136.36,0.0,0,10.5,50.0,60.0,25.0,0,11.0,4,74.12,15.0,46.0,80.9,Elite / Marquee,2,11.8
PR Shah,9,Squad Batter,92,97,11.5,94.85,9,2,52.17,51.55,29,0,0,112.5,0.0,0,10.5,50.0,60.0,25.0,0,11.0,0,48.56,15.0,0.0,67.7,Developing / Squad,0,3.6
PV Tambe,33,Specialist Bowler,18,39,9.0,46.15,1,0,22.22,61.54,7,0,0,40.0,112.3,28,7.42,24.07,29.79,30.27,2,10.78,2,24.54,72.19,14.0,77.4,Core / Star,1,8.6
PVD Chameera,13,Bowling Specialist,43,32,10.75,134.38,3,3,69.77,50.0,17,0,0,134.38,49.5,9,8.34,33.0,45.89,41.08,0,10.71,0,61.79,51.03,0.0,73.8,Core / Star,1,6.2
PWH de Silva,26,Specialist Bowler,72,80,7.2,90.0,7,1,47.22,50.0,18,0,0,103.77,92.8,35,7.98,15.91,21.17,36.27,2,7.67,2,42.51,85.45,14.0,81.9,Elite / Marquee,2,12.9
Pankaj Singh,17,Bowling Specialist,7,12,3.5,58.33,0,0,0.0,50.0,4,0,0,58.33,51.8,11,8.74,28.27,41.18,35.69,0,12.59,0,19.86,53.53,0.0,61.6,Developing / Squad,0,2.1
Parvez Rasool,11,Bowling Specialist,17,20,8.5,85.0,1,0,23.53,35.0,10,0,0,85.0,33.3,4,8.04,50.0,67.0,30.0,0,9.8,0,36.29,44.6,0.0,65.7,Developing / Squad,0,3.0
Q de Kock,107,Specialist Batter,3160,2410,30.98,131.12,316,123,63.35,40.08,140,41,25,193.75,0.0,0,10.5,50.0,60.0,25.0,0,11.0,6,79.98,15.0,54.0,85.0,Elite / Marquee,2,17.0
R Ashwin,208,All-Rounder,800,698,13.33,114.61,61,28,51.5,38.25,50,5,1,127.96,779.8,180,6.64,25.99,28.77,33.17,9,7.43,6,55.34,77.7,53.5,86.0,Elite / Marquee,2,23.3
R Bhatia,91,Specialist Bowler,342,290,11.4,117.93,24,13,50.88,37.93,26,0,0,141.81,276.8,71,7.17,23.39,27.97,26.25,4,8.29,1,55.48,74.0,16.0,82.2,Elite / Marquee,2,13.2
R Bishnoi,3,Squad Batter,19,17,6.33,111.76,1,2,84.21,64.71,18,0,0,50.0,0.0,0,10.5,50.0,60.0,25.0,0,11.0,0,49.96,15.0,0.0,67.8,Developing / Squad,0,3.6
R Dhawan,36,Specialist Bowler,210,188,19.09,111.7,18,7,54.29,45.21,25,0,0,126.32,115.5,25,7.37,27.72,34.04,29.58,0,8.91,0,59.61,65.25,0.0,76.5,Core / Star,1,7.9
R Dravid,82,Specialist Batter,2174,1918,28.23,113.35,269,28,57.22,42.7,75,32,11,166.67,0.0,0,10.5,50.0,60.0,25.0,0,11.0,2,70.7,15.0,35.5,79.1,Core / Star,1,10.0
R McLaren,18,Bowling Specialist,159,178,19.88,89.33,14,1,38.99,42.7,51,2,1,113.11,62.0,12,8.39,31.0,43.33,31.18,0,9.68,1,51.28,49.47,6.5,71.3,Core / Star,1,5.0
R Parag,58,Specialist Batter,1173,909,24.44,129.04,84,60,59.34,37.84,84,14,6,151.41,30.2,4,9.94,45.25,75.0,19.89,0,10.5,2,70.46,20.55,23.0,78.0,Core / Star,1,9.1
R Powell,22,Specialist Batter,360,254,18.95,141.73,21,28,70.0,43.7,67,5,1,187.7,3.5,1,9.5,21.0,32.0,19.05,0,10.5,0,73.82,15.0,2.5,75.9,Core / Star,1,7.5
R Rampaul,12,Specialist Bowler,51,52,10.2,98.08,3,2,47.06,50.0,23,0,0,100.0,46.3,16,6.45,17.38,18.69,46.76,1,10.69,0,46.3,103.14,3.0,85.8,Elite / Marquee,2,18.3
R Ravindra,10,Squad Batter,222,146,22.2,152.05,22,12,72.07,38.36,61,3,1,120.0,2.0,0,9.5,45.0,55.0,41.67,0,9.8,0,73.94,15.0,2.5,75.3,Core / Star,1,7.1
R Sai Kishore,10,Bowling Specialist,13,6,13.0,216.67,0,2,92.31,50.0,13,0,0,216.67,31.8,13,7.95,14.69,19.46,29.32,1,12.58,1,92.22,84.65,7.0,84.9,Elite / Marquee,2,16.9
R Sathish,24,Bowling Specialist,270,236,15.88,114.41,22,6,45.93,38.98,27,0,0,134.43,24.0,3,9.46,48.0,75.67,20.83,0,16.89,0,56.65,25.81,0.0,71.5,Core / Star,1,5.1
R Sharma,44,Specialist Bowler,66,77,4.71,85.71,5,3,57.58,62.34,14,0,0,86.67,155.8,40,6.92,23.38,26.98,35.72,1,8.69,2,40.43,81.25,11.0,81.5,Elite / Marquee,2,12.4
R Shepherd,9,Bowling Specialist,115,68,23.0,169.12,7,10,76.52,42.65,39,1,0,185.71,22.2,4,11.14,33.25,61.75,28.57,0,11.82,1,84.12,17.69,4.0,78.9,Core / Star,1,9.8
R Shukla,7,Bowling Specialist,19,23,19.0,82.61,2,0,42.11,43.48,14,0,0,81.82,21.7,5,9.14,26.0,39.6,29.23,0,11.31,0,47.41,50.72,0.0,69.1,Core / Star,1,4.1
R Tewatia,65,All-Rounder,1013,788,25.32,128.55,84,47,61.01,39.34,53,12,1,156.51,144.3,32,7.54,27.06,34.0,30.48,4,7.04,2,71.75,65.28,22.5,80.3,Elite / Marquee,2,14.0
R Vinay Kumar,104,Specialist Bowler,310,289,11.07,107.27,21,9,44.52,40.83,26,0,0,109.62,364.3,105,8.03,20.82,27.86,34.9,10,9.85,3,49.2,74.72,42.0,83.7,Elite / Marquee,2,15.2
RA Jadeja,211,All-Rounder,2959,2378,27.4,124.43,215,107,50.76,34.65,62,25,3,142.86,649.2,160,7.36,24.34,29.86,31.22,17,8.31,16,69.4,72.74,77.5,90.9,Elite / Marquee,2,24.5
RA Tripathi,93,Specialist Batter,2236,1650,26.94,135.52,223,84,62.43,37.7,93,32,12,141.29,1.0,0,9.5,45.0,55.0,0.0,0,9.8,4,73.68,15.0,46.0,81.5,Elite / Marquee,2,12.4
RD Chahar,77,Specialist Bowler,129,127,8.06,101.57,13,5,63.57,55.12,25,0,0,112.61,282.8,75,7.43,22.63,28.03,33.82,6,7.55,1,49.65,76.66,22.0,82.0,Elite / Marquee,2,13.0
RD Gaikwad,65,Specialist Batter,2380,1781,41.75,133.63,217,91,59.41,35.82,108,36,20,166.88,0.0,0,10.5,50.0,60.0,25.0,0,11.0,11,86.1,15.0,70.0,86.8,Elite / Marquee,2,23.0
RE Levi,6,Squad Batter,83,74,13.83,112.16,10,4,77.11,55.41,50,1,1,120.0,0.0,0,10.5,50.0,60.0,25.0,0,11.0,1,59.71,15.0,6.5,71.3,Core / Star,1,5.0
RE van der Merwe,21,Specialist Bowler,159,144,14.45,110.42,11,8,57.86,45.83,35,2,0,112.77,75.8,21,6.41,21.67,23.14,32.53,1,7.47,0,55.42,88.08,3.0,82.2,Elite / Marquee,2,13.2
RG Sharma,251,Specialist Bowler,6630,5183,29.73,127.92,599,281,61.57,39.28,109,94,45,174.31,58.2,15,7.53,23.27,29.2,25.21,2,8.4,19,76.49,70.11,76.0,90.9,Elite / Marquee,2,24.5
RJ Harris,37,Specialist Bowler,117,112,9.75,104.46,6,3,35.9,41.07,17,0,0,111.49,144.2,45,6.92,19.22,22.18,42.08,6,8.78,1,45.98,92.52,22.0,84.4,Elite / Marquee,2,16.1
RJ Peterson,5,Squad Batter,32,32,10.67,100.0,3,1,56.25,46.88,16,0,0,105.56,8.0,3,8.75,16.0,23.33,43.75,1,13.0,0,49.34,15.0,3.0,67.7,Developing / Squad,0,3.6
RJ Quiney,7,Squad Batter,103,105,14.71,98.1,12,3,64.08,54.29,51,1,1,33.33,0.0,0,10.5,50.0,60.0,25.0,0,11.0,0,48.22,15.0,2.5,67.5,Developing / Squad,0,3.5
RJW Topley,5,Bowling Specialist,3,6,3.0,50.0,0,0,0.0,50.0,3,0,0,50.0,17.8,5,9.93,21.4,35.4,35.51,0,13.16,0,17.02,54.9,0.0,60.2,Developing / Squad,0,1.8
RK Bhui,4,Squad Batter,10,27,2.5,37.04,0,0,0.0,70.37,7,0,0,0.0,0.0,0,10.5,50.0,60.0,25.0,0,11.0,0,10.05,15.0,0.0,56.0,Developing / Squad,0,1.3
RK Singh,40,Specialist Batter,893,654,30.79,136.54,67,46,60.92,36.24,67,11,4,169.73,0.0,0,10.5,50.0,60.0,25.0,0,11.0,3,78.73,15.0,22.0,79.7,Core / Star,1,10.6
RM Patidar,24,Specialist Batter,799,534,34.74,149.63,51,54,66.08,35.58,112,13,8,218.18,0.0,0,10.5,50.0,60.0,25.0,0,11.0,2,89.33,15.0,28.0,81.5,Elite / Marquee,2,12.4
RN ten Doeschate,21,Bowling Specialist,326,238,23.29,136.97,26,15,59.51,33.61,70,4,1,149.3,13.8,2,6.36,41.5,44.0,26.51,0,10.5,0,71.18,59.66,2.5,77.4,Core / Star,1,8.6
RP Meredith,18,Specialist Bowler,0,3,0.0,0.0,0,0,0.0,100.0,0,0,0,0.0,69.2,19,8.27,21.84,30.11,35.42,0,9.46,0,0.0,70.6,0.0,74.0,Core / Star,1,6.3
RP Singh,82,Specialist Bowler,52,78,3.47,66.67,2,1,26.92,52.56,10,0,0,69.44,312.3,90,7.16,20.82,24.84,39.7,11,8.45,1,27.87,85.82,34.0,83.8,Elite / Marquee,2,15.3
RR Pant,110,Specialist Batter,3297,2296,35.45,143.6,298,154,64.18,35.37,128,50,19,192.29,0.0,0,10.5,50.0,60.0,25.0,0,11.0,8,86.24,15.0,62.0,87.9,Elite / Marquee,2,22.1
RR Powar,26,Bowling Specialist,67,64,22.33,104.69,6,1,44.78,42.19,28,0,0,111.67,73.8,13,6.79,34.08,38.54,37.47,0,8.75,0,57.6,62.62,0.0,73.8,Core / Star,1,6.2
RR Raje,10,Bowling Specialist,20,18,20.0,111.11,1,1,50.0,33.33,11,0,0,111.11,24.0,6,8.33,24.0,33.33,27.08,0,9.95,0,58.19,61.63,0.0,73.1,Core / Star,1,5.8
RR Rossouw,22,Specialist Batter,473,321,23.65,147.35,45,25,69.77,40.19,82,7,2,195.24,0.0,0,10.5,50.0,60.0,25.0,0,11.0,1,79.22,15.0,9.0,78.0,Core / Star,1,9.1
RR Sarwan,4,Squad Batter,73,78,18.25,93.59,6,1,41.1,43.59,31,1,0,120.0,0.0,0,10.5,50.0,60.0,25.0,0,11.0,0,51.89,15.0,0.0,68.4,Core / Star,1,3.8
RS Bopara,22,Specialist Batter,531,468,29.5,113.46,39,16,47.46,37.39,84,6,3,168.87,35.5,11,7.77,19.36,25.09,28.64,1,9.71,1,69.92,77.03,14.5,78.5,Core / Star,1,9.5
RT Ponting,9,Squad Batter,91,129,10.11,70.54,5,2,35.16,53.49,28,0,0,120.0,0.0,0,10.5,50.0,60.0,25.0,0,11.0,0,39.33,15.0,0.0,65.0,Developing / Squad,0,2.8
RV Gomez,9,Bowling Specialist,50,53,10.0,94.34,5,1,52.0,50.94,26,0,0,111.11,16.2,5,7.92,19.4,25.6,38.14,0,12.5,0,47.15,80.2,0.0,70.7,Core / Star,1,4.7
RV Patel,7,Squad Batter,80,76,16.0,105.26,6,2,45.0,38.16,23,0,0,118.18,3.3,0,9.5,45.0,55.0,25.0,0,10.5,0,53.33,15.0,0.0,69.0,Core / Star,1,4.0
RV Uthappa,197,Specialist Batter,4954,3927,27.52,126.15,481,182,60.88,40.69,88,72,27,165.31,0.0,0,10.5,50.0,60.0,25.0,0,11.0,7,73.57,15.0,58.0,85.8,Elite / Marquee,2,18.3
Rahmanullah Gurbaz,13,Squad Batter,289,228,22.23,126.75,24,19,72.66,52.19,81,3,2,0.0,0.0,0,10.5,50.0,60.0,25.0,0,11.0,0,59.55,15.0,5.0,71.2,Core / Star,1,4.9
Ramandeep Singh,13,Squad Batter,170,106,28.33,160.38,8,13,64.71,34.91,35,1,0,226.19,7.5,6,7.73,7.5,9.67,26.67,1,8.31,0,87.02,15.0,3.0,79.4,Core / Star,1,10.3
Rashid Khan,121,Specialist Bowler,545,355,14.73,153.52,39,38,70.46,41.97,79,6,1,158.86,483.5,149,6.66,19.47,21.62,36.54,16,7.72,12,71.05,91.87,72.5,94.8,Elite / Marquee,2,24.5
Rasikh Salam,11,Bowling Specialist,40,40,8.0,100.0,5,0,50.0,47.5,10,0,0,116.0,34.5,9,9.48,23.0,36.33,27.05,2,10.16,0,46.8,52.06,6.0,69.2,Core / Star,1,4.1
Ravi Bishnoi,65,Specialist Bowler,32,52,4.0,61.54,2,0,25.0,57.69,6,0,0,67.65,243.3,63,7.33,23.17,28.32,33.7,4,8.29,0,26.65,76.55,12.0,79.6,Core / Star,1,10.5
S Anirudha,12,Squad Batter,136,121,17.0,112.4,9,7,57.35,44.63,64,1,1,135.71,0.0,0,10.5,50.0,60.0,25.0,0,11.0,1,59.46,15.0,6.5,71.6,Core / Star,1,5.1
S Aravind,38,Specialist Bowler,59,59,14.75,100.0,7,0,47.46,44.07,14,0,0,104.26,131.3,45,7.67,17.51,22.38,36.8,3,9.04,1,50.66,85.71,13.0,82.6,Elite / Marquee,2,13.7
S Badree,12,Bowling Specialist,13,25,2.6,52.0,0,0,0.0,56.0,8,0,0,50.0,43.8,11,7.05,23.91,28.09,41.44,1,10.5,0,17.15,81.78,3.0,62.0,Developing / Squad,0,2.1
S Badrinath,65,Specialist Batter,1441,1245,30.66,115.74,154,28,54.41,39.6,71,23,11,149.12,0.0,0,10.5,50.0,60.0,25.0,0,11.0,1,71.23,15.0,31.5,77.9,Core / Star,1,9.0
S Chanderpaul,3,Squad Batter,25,33,8.33,75.76,4,0,64.0,60.61,16,0,0,120.0,0.0,0,10.5,50.0,60.0,25.0,0,11.0,0,44.85,15.0,0.0,66.3,Developing / Squad,0,3.2
S Dhawan,221,Specialist Batter,6769,5483,35.07,123.45,768,153,58.95,38.96,106,95,53,155.71,8.2,4,7.96,12.25,16.25,34.69,0,9.8,12,77.75,15.0,70.0,89.3,Elite / Marquee,2,24.5
S Dube,61,Specialist Batter,1502,1077,30.04,139.46,86,101,63.25,37.51,95,18,9,164.35,19.5,5,8.97,23.4,35.0,19.66,0,10.19,2,78.85,52.69,30.5,82.4,Elite / Marquee,2,13.5
S Gopal,51,Specialist Bowler,180,173,12.86,104.05,19,2,48.89,41.04,24,0,0,125.0,166.7,52,8.04,19.23,25.77,31.7,5,6.54,2,51.92,76.11,23.0,81.0,Elite / Marquee,2,11.9
S Kaul,55,Specialist Bowler,20,36,5.0,55.56,1,0,20.0,63.89,7,0,0,55.56,206.3,58,8.27,21.34,29.41,31.26,4,8.44,0,24.21,69.49,12.0,76.9,Core / Star,1,8.2
S Kaushik,10,Bowling Specialist,0,1,0.0,0.0,0,0,0.0,100.0,0,0,0,0.0,35.0,6,8.31,35.0,48.5,32.38,1,14.25,0,0.0,43.09,3.0,54.8,Developing / Squad,0,1.1
S Ladda,9,Bowling Specialist,0,10,0.0,0.0,0,0,0.0,100.0,0,0,0,0.0,23.5,5,9.4,28.2,44.2,34.04,0,12.0,0,0.0,46.24,0.0,54.9,Developing / Squad,0,1.1
S Lamichhane,9,Bowling Specialist,0,1,0.0,0.0,0,0,0.0,100.0,0,0,0,0.0,35.2,13,8.27,16.23,22.38,35.55,2,9.87,0,0.0,81.57,6.0,56.8,Developing / Squad,0,1.3
S Nadeem,70,Specialist Bowler,39,88,2.79,44.32,2,0,20.51,65.91,6,0,0,45.45,240.7,48,7.28,30.08,36.52,31.37,1,9.13,2,19.38,62.45,11.0,76.2,Core / Star,1,7.7
S Narwal,6,Bowling Specialist,37,29,12.33,127.59,6,0,64.86,41.38,23,0,0,131.58,18.8,5,10.35,22.6,39.0,32.74,1,19.67,0,60.34,46.98,3.0,72.7,Core / Star,1,5.6
S Rana,8,Squad Batter,91,82,22.75,110.98,9,1,46.15,40.24,19,0,0,136.0,2.7,0,9.5,45.0,55.0,31.25,0,10.5,0,61.4,15.0,0.0,71.5,Core / Star,1,5.1
S Randiv,8,Bowling Specialist,2,4,2.0,50.0,0,0,0.0,75.0,2,0,0,50.0,30.0,6,7.23,30.0,36.17,33.33,0,9.0,0,16.24,64.09,0.0,60.6,Developing / Squad,0,1.9
S Sandeep Warrier,10,Bowling Specialist,0,0,5.0,60.0,0,0,0.0,60.0,0,0,0,100.0,29.3,8,8.35,22.0,30.62,40.91,1,9.8,0,24.51,72.23,3.0,63.6,Developing / Squad,0,2.5
S Sohal,20,Specialist Batter,368,311,18.4,118.33,34,18,66.3,50.8,62,6,2,44.44,0.0,0,10.5,50.0,60.0,25.0,0,11.0,1,56.79,15.0,9.0,71.2,Core / Star,1,4.9
S Sreesanth,44,Specialist Bowler,34,57,8.5,59.65,6,0,70.59,75.44,15,0,0,59.65,157.8,40,7.05,23.68,27.8,42.13,1,10.17,1,38.25,82.58,7.0,81.4,Elite / Marquee,2,12.3
S Tyagi,14,Bowling Specialist,3,4,3.0,75.0,0,0,0.0,25.0,3,0,0,75.0,36.7,6,7.75,36.67,47.33,42.27,0,13.85,0,24.36,53.64,0.0,62.8,Developing / Squad,0,2.3
S Vidyut,8,Squad Batter,145,115,18.12,126.09,21,3,70.34,47.83,54,2,1,0.0,2.2,1,9.5,13.0,21.0,38.46,0,9.8,0,55.74,15.0,2.5,69.8,Core / Star,1,4.3
SA Abbott,3,Squad Batter,22,18,7.33,122.22,1,2,72.73,55.56,14,0,0,146.67,9.8,1,10.07,59.0,99.0,22.03,0,10.5,0,57.98,15.0,0.0,70.2,Core / Star,1,4.5
SA Asnodkar,19,Specialist Batter,423,352,21.15,120.17,56,10,67.14,46.59,60,7,2,120.0,0.0,0,10.5,50.0,60.0,25.0,0,11.0,1,65.17,15.0,9.0,73.6,Core / Star,1,6.1
SA Yadav,135,Specialist Batter,3594,2522,31.81,142.51,385,130,64.55,35.69,103,50,26,173.07,1.0,0,9.5,45.0,55.0,33.33,0,9.8,9,81.81,15.0,66.0,88.4,Elite / Marquee,2,23.1
SB Bangar,9,Bowling Specialist,49,58,7.0,84.48,1,3,44.9,48.28,17,0,0,139.13,25.5,4,8.31,38.25,53.0,35.95,0,14.0,0,43.34,44.88,0.0,67.7,Developing / Squad,0,3.6
SB Dubey,3,Squad Batter,33,21,16.5,157.14,3,2,72.73,33.33,25,0,0,157.14,0.0,0,10.5,50.0,60.0,25.0,0,11.0,0,73.54,15.0,0.0,74.8,Core / Star,1,6.8
SB Jakati,57,Specialist Bowler,28,30,28.0,93.33,3,0,42.86,40.0,13,0,0,93.33,183.5,47,7.75,23.43,30.26,30.61,2,9.34,1,57.77,70.3,10.0,79.4,Core / Star,1,10.3
SB Joshi,4,Squad Batter,6,16,3.0,37.5,0,0,0.0,62.5,3,0,0,0.0,9.2,1,8.95,55.0,82.0,32.73,0,10.5,0,10.54,15.0,0.0,56.1,Developing / Squad,0,1.3
SB Styris,11,Bowling Specialist,131,134,18.71,97.76,10,3,44.27,39.55,36,1,0,142.86,37.0,8,7.3,27.75,33.75,37.39,1,10.27,0,55.51,69.79,3.0,72.8,Core / Star,1,5.7
SB Wagh,8,Bowling Specialist,2,3,1.0,66.67,0,0,0.0,66.67,2,0,0,66.67,18.0,5,7.28,21.6,26.2,41.67,1,8.62,1,20.36,84.09,7.0,63.3,Developing / Squad,0,2.4
SC Ganguly,56,Specialist Batter,1349,1326,25.45,101.73,137,42,59.3,49.92,91,21,7,174.31,46.7,10,7.69,28.0,35.9,26.79,0,16.0,5,66.98,60.11,37.5,80.3,Elite / Marquee,2,11.2
SD Chitnis,8,Squad Batter,99,92,14.14,107.61,10,2,52.53,41.3,38,1,0,113.16,6.3,2,8.53,19.0,27.0,23.68,0,10.5,0,53.53,15.0,0.0,69.1,Core / Star,1,4.1
SD Hope,9,Squad Batter,183,125,22.88,146.4,12,12,65.57,38.4,41,3,0,110.0,0.0,0,10.5,50.0,60.0,25.0,0,11.0,0,71.18,15.0,0.0,74.4,Core / Star,1,6.6
SE Bond,8,Bowling Specialist,1,2,1.0,50.0,0,0,0.0,50.0,1,0,0,120.0,31.8,9,6.85,21.22,24.22,39.27,0,9.0,0,20.72,87.93,0.0,63.2,Developing / Squad,0,2.4
SE Marsh,69,Specialist Batter,2489,1913,39.51,130.11,269,78,62.03,38.47,115,37,21,151.45,0.0,0,10.5,50.0,60.0,25.0,0,11.0,9,82.96,15.0,66.0,85.2,Elite / Marquee,2,17.3
SE Rutherford,9,Squad Batter,106,107,15.14,99.07,3,8,56.6,50.47,28,0,0,157.14,7.7,1,7.04,46.0,54.0,15.22,0,10.5,0,56.55,15.0,0.0,70.1,Core / Star,1,4.5
SH Johnson,5,Bowling Specialist,6,7,6.0,85.71,1,0,66.67,57.14,5,0,0,85.71,16.5,4,8.97,24.75,37.0,34.34,0,7.16,0,43.18,57.4,0.0,68.1,Core / Star,1,3.7
SJ Srivastava,14,Bowling Specialist,5,5,5.0,100.0,0,0,0.0,20.0,3,0,0,100.0,51.0,14,8.02,21.86,29.21,33.66,0,8.2,0,33.26,72.18,0.0,66.4,Developing / Squad,0,3.2
SK Raina,200,All-Rounder,5536,4177,32.37,132.54,506,204,58.67,35.34,100,77,40,165.26,155.0,25,7.07,37.2,43.84,30.11,0,8.04,14,78.3,54.36,70.0,89.2,Elite / Marquee,2,24.5
SK Trivedi,75,Specialist Bowler,42,61,6.0,68.85,3,1,42.86,60.66,9,0,0,70.0,259.5,65,7.09,23.95,28.31,31.6,5,8.48,2,33.55,76.39,23.0,81.4,Elite / Marquee,2,12.3
SK Warne,54,Specialist Bowler,198,219,9.9,90.41,14,6,46.46,47.95,34,1,0,102.24,203.8,57,6.91,21.46,24.7,34.83,5,8.48,4,44.44,84.64,31.0,84.2,Elite / Marquee,2,15.9
SL Malinga,122,Specialist Bowler,88,103,5.5,85.44,6,5,61.36,57.28,17,0,0,86.87,495.7,170,6.44,17.49,18.79,38.47,19,7.14,6,41.76,98.88,54.0,92.8,Elite / Marquee,2,24.5
SM Curran,58,All-Rounder,883,673,25.23,131.2,74,37,58.66,37.3,63,8,5,169.6,205.7,58,8.98,21.28,31.84,30.63,7,10.31,4,72.78,62.19,49.5,80.5,Elite / Marquee,2,14.2
SM Harwood,3,Bowling Specialist,9,14,9.0,64.29,0,0,0.0,50.0,6,0,0,64.29,11.2,3,5.46,22.33,20.33,49.25,0,10.15,0,25.89,104.66,0.0,65.4,Developing / Squad,0,2.9
SM Katich,11,Squad Batter,241,191,24.1,126.18,26,8,63.07,44.5,75,3,2,125.0,0.0,0,10.5,50.0,60.0,25.0,0,11.0,1,68.34,15.0,9.0,74.2,Core / Star,1,6.4
SM Pollock,13,Bowling Specialist,147,116,18.38,126.72,12,8,65.31,40.52,33,2,0,181.82,46.7,11,6.36,25.45,27.0,46.43,1,10.5,2,68.71,88.18,11.0,78.7,Core / Star,1,9.7
SMSM Senanayake,8,Bowling Specialist,10,17,10.0,58.82,0,0,0.0,47.06,7,0,0,58.82,32.5,9,6.34,21.67,22.89,37.44,0,8.25,0,25.06,91.24,0.0,64.7,Developing / Squad,0,2.7
SN Khan,36,Specialist Batter,585,456,22.5,128.29,63,14,57.44,35.31,67,9,1,158.19,0.3,0,9.5,45.0,55.0,0.0,0,10.5,0,68.92,15.0,2.5,75.2,Core / Star,1,7.1
SN Thakur,92,Specialist Bowler,307,228,12.28,134.65,27,13,60.59,36.84,68,1,1,138.36,329.8,94,8.33,21.05,29.22,32.29,7,9.16,2,61.5,69.97,31.5,81.9,Elite / Marquee,2,12.9
SO Hetmyer,65,Specialist Batter,1243,854,31.08,145.55,76,82,64.04,36.89,75,16,4,169.38,0.0,0,10.5,50.0,60.0,25.0,0,11.0,3,81.52,15.0,22.0,81.9,Elite / Marquee,2,12.9
SP Fleming,10,Squad Batter,196,171,21.78,114.62,27,3,64.29,50.29,45,3,0,120.0,0.0,0,10.5,50.0,60.0,25.0,0,11.0,0,63.87,15.0,0.0,72.3,Core / Star,1,5.4
SP Goswami,21,Specialist Batter,293,307,14.65,95.44,32,3,49.83,46.91,52,3,1,113.04,0.0,0,10.5,50.0,60.0,25.0,0,11.0,1,50.72,15.0,6.5,69.4,Core / Star,1,4.2
SP Jackson,8,Squad Batter,61,57,10.17,107.02,5,1,42.62,35.09,16,0,0,113.33,0.0,0,10.5,50.0,60.0,25.0,0,11.0,0,48.34,15.0,0.0,67.6,Developing / Squad,0,3.6
SP Narine,175,All-Rounder,1534,984,17.04,155.89,164,97,80.7,47.76,109,15,8,119.08,691.0,180,6.5,23.03,24.96,37.84,15,7.06,15,72.43,87.2,90.0,93.9,Elite / Marquee,2,24.5
SPD Smith,93,Specialist Batter,2495,1999,34.65,124.81,226,60,50.66,33.02,101,36,12,159.73,0.3,0,9.5,45.0,55.0,0.0,0,10.5,5,76.36,15.0,50.0,82.7,Elite / Marquee,2,13.9
SR Tendulkar,78,Specialist Batter,2334,2044,33.83,114.19,296,29,58.18,42.76,100,37,14,156.64,6.2,0,9.24,45.0,55.0,10.81,0,10.5,8,74.68,15.0,62.0,82.8,Elite / Marquee,2,14.0
SR Watson,141,All-Rounder,3880,2892,30.79,134.16,377,190,68.25,43.15,117,52,25,180.48,356.2,92,7.22,23.23,27.95,37.58,8,8.49,16,80.48,79.48,94.0,93.5,Elite / Marquee,2,24.5
SS Cottrell,6,Bowling Specialist,0,2,0.0,0.0,0,0,0.0,100.0,0,0,0,0.0,21.8,6,7.37,21.83,26.83,44.27,0,14.84,0,0.0,84.04,0.0,56.7,Developing / Squad,0,1.3
SS Iyer,114,Specialist Batter,3131,2545,31.95,123.03,272,113,56.4,37.64,96,46,21,160.33,1.0,0,9.5,45.0,55.0,66.67,0,10.5,6,75.07,15.0,54.0,83.9,Elite / Marquee,2,15.4
SS Prabhudessai,10,Squad Batter,126,113,12.6,111.5,11,4,53.97,49.56,34,1,0,104.35,0.0,0,10.5,50.0,60.0,25.0,0,11.0,0,52.81,15.0,0.0,69.0,Core / Star,1,4.0
SS Tiwary,73,Specialist Batter,1494,1291,28.73,115.72,111,50,49.8,37.1,61,20,8,138.84,0.0,0,10.5,50.0,60.0,25.0,0,11.0,0,68.03,15.0,20.0,76.9,Core / Star,1,8.2
ST Jayasuriya,30,Specialist Batter,768,573,27.43,134.03,84,39,74.22,50.96,114,10,5,120.0,50.2,13,7.48,23.15,28.85,27.57,1,8.36,2,74.5,72.03,23.5,80.4,Elite / Marquee,2,11.3
STR Binny,66,All-Rounder,880,700,19.13,125.71,66,35,53.86,38.29,48,10,0,149.25,101.8,22,7.28,27.77,33.68,32.57,0,9.44,0,64.34,67.54,0.0,78.6,Core / Star,1,12.0
SV Samson,162,Specialist Batter,4419,3270,30.69,135.14,352,206,59.83,36.21,119,60,28,181.4,0.0,0,10.5,50.0,60.0,25.0,0,11.0,11,79.0,15.0,70.0,89.2,Elite / Marquee,2,24.5
SW Billings,27,Specialist Batter,503,399,19.35,126.07,40,20,55.67,38.1,56,5,3,166.2,0.0,0,10.5,50.0,60.0,25.0,0,11.0,1,66.23,15.0,11.5,74.4,Core / Star,1,6.6
SW Tait,21,Specialist Bowler,23,26,7.67,88.46,1,1,43.48,42.31,11,0,0,76.47,89.0,23,6.26,23.22,24.22,37.45,4,6.98,0,39.75,89.03,12.0,81.7,Elite / Marquee,2,12.7
Sachin Baby,11,Squad Batter,144,123,16.0,117.07,11,5,51.39,40.65,33,1,0,146.15,1.7,2,9.5,5.0,4.0,50.0,0,10.5,0,59.29,15.0,0.0,71.0,Core / Star,1,4.8
Salman Butt,7,Squad Batter,193,172,27.57,112.21,30,2,68.39,50.0,73,2,1,266.67,0.0,0,10.5,50.0,60.0,25.0,0,11.0,0,79.67,15.0,2.5,76.9,Core / Star,1,8.2
Sameer Rizvi,5,Squad Batter,51,43,12.75,118.6,4,2,54.9,44.19,21,0,0,206.25,0.0,0,10.5,50.0,60.0,25.0,0,11.0,0,62.31,15.0,0.0,71.6,Core / Star,1,5.1
Sandeep Sharma,126,Specialist Bowler,54,73,9.0,73.97,4,0,29.63,45.21,9,0,0,72.41,487.5,137,7.39,21.35,26.31,38.36,12,9.37,7,34.54,81.82,58.0,88.0,Elite / Marquee,2,22.3
Sanvir Singh,5,Squad Batter,25,22,12.5,113.64,2,1,56.0,40.91,8,0,0,120.0,0.0,0,10.5,50.0,60.0,25.0,0,11.0,0,54.78,15.0,0.0,69.4,Core / Star,1,4.2
Saurav Chauhan,3,Squad Batter,18,16,6.0,112.5,1,1,55.56,43.75,9,0,0,121.43,0.0,0,10.5,50.0,60.0,25.0,0,11.0,0,49.5,15.0,0.0,67.7,Developing / Squad,0,3.6
Shahbaz Ahmed,42,Specialist Bowler,536,467,19.14,114.78,28,25,48.88,38.97,59,5,1,135.98,91.5,21,9.02,26.14,39.29,25.87,2,7.35,1,59.97,49.96,12.5,72.7,Core / Star,1,5.6
Shahid Afridi,10,Bowling Specialist,81,46,10.12,176.09,7,6,79.01,43.48,33,1,0,220.0,30.8,9,7.14,20.56,24.44,30.81,1,9.08,0,78.69,82.08,3.0,80.3,Elite / Marquee,2,11.2
Shakib Al Hasan,70,All-Rounder,795,665,19.39,119.55,73,21,52.58,35.94,66,7,2,130.56,252.5,63,7.14,24.05,28.6,33.27,2,8.66,2,61.54,76.53,19.0,80.8,Elite / Marquee,2,14.6
Shashank Singh,19,Specialist Batter,423,272,35.25,155.51,33,25,66.67,32.72,68,5,2,189.58,3.2,1,9.5,19.0,24.0,10.53,0,9.8,1,88.99,15.0,9.0,80.7,Elite / Marquee,2,11.6
Shivam Mavi,32,Specialist Bowler,51,58,5.67,87.93,4,2,54.9,55.17,20,0,0,92.31,114.5,30,7.89,22.9,30.1,36.97,1,9.39,2,41.55,73.11,11.0,78.5,Core / Star,1,9.5
Shivam Sharma,5,Bowling Specialist,5,3,5.0,166.67,1,0,80.0,33.33,4,0,0,166.67,19.0,4,8.68,28.5,41.25,32.46,0,9.5,0,68.85,52.07,0.0,75.5,Core / Star,1,7.2
Shoaib Ahmed,7,Bowling Specialist,1,6,0.5,16.67,0,0,0.0,83.33,1,0,0,0.0,17.2,5,8.8,20.6,30.2,32.04,0,14.0,0,4.04,66.02,0.0,57.0,Developing / Squad,0,1.4
Shoaib Akhtar,3,Squad Batter,2,8,2.0,25.0,0,0,0.0,75.0,2,0,0,0.0,7.7,5,6.52,9.2,10.0,50.0,1,9.8,1,7.02,15.0,7.0,55.5,Developing / Squad,0,1.2
Shoaib Malik,5,Squad Batter,52,49,13.0,106.12,5,0,38.46,32.65,24,0,0,114.29,9.7,2,7.97,29.0,38.5,25.86,0,9.0,0,49.59,15.0,0.0,67.8,Developing / Squad,0,3.6
Shubman Gill,99,Specialist Batter,3216,2432,37.84,132.24,310,95,56.28,33.84,129,47,24,142.15,0.0,0,10.5,50.0,60.0,25.0,0,11.0,10,80.28,15.0,70.0,86.5,Elite / Marquee,2,22.4
Sikandar Raza,9,Bowling Specialist,182,143,26.0,127.27,12,8,52.75,41.26,57,2,1,123.68,14.7,3,9.07,29.33,44.33,23.86,0,9.8,1,67.89,42.26,6.5,75.3,Core / Star,1,7.1
Simarjeet Singh,10,Bowling Specialist,7,8,7.0,87.5,0,0,0.0,37.5,3,0,0,100.0,32.2,9,7.52,21.44,26.89,42.49,1,7.59,1,32.09,82.41,7.0,66.9,Developing / Squad,0,3.3
Sohail Tanvir,11,Specialist Bowler,36,31,12.0,116.13,3,1,50.0,35.48,13,0,0,92.31,44.2,22,5.57,12.05,11.18,45.66,5,6.34,2,51.66,121.76,23.0,92.4,Elite / Marquee,2,24.5
Sumit Kumar,3,Squad Batter,18,26,9.0,69.23,2,1,77.78,73.08,9,0,0,18.18,3.7,0,9.5,45.0,55.0,18.18,0,10.5,0,39.06,15.0,0.0,64.6,Developing / Squad,0,2.7
Sunny Singh,5,Squad Batter,43,31,10.75,138.71,6,1,69.77,38.71,20,0,0,77.78,0.0,0,10.5,50.0,60.0,25.0,0,11.0,0,58.49,15.0,0.0,70.5,Core / Star,1,4.6
Suyash Sharma,13,Bowling Specialist,0,0,5.0,60.0,0,0,0.0,60.0,0,0,0,100.0,44.0,10,8.32,26.4,36.6,32.2,1,10.42,0,24.51,59.62,3.0,63.1,Developing / Squad,0,2.4
Swapnil Singh,14,Bowling Specialist,51,46,10.2,110.87,3,3,58.82,45.65,15,0,0,130.0,27.5,7,8.65,23.57,34.0,23.64,0,9.8,0,53.7,57.54,0.0,71.7,Core / Star,1,5.1
T Kohler-Cadmore,3,Squad Batter,48,54,16.0,88.89,7,1,70.83,61.11,20,0,0,120.0,0.0,0,10.5,50.0,60.0,25.0,0,11.0,0,55.06,15.0,0.0,69.3,Core / Star,1,4.1
T Kohli,3,Squad Batter,11,20,3.67,55.0,0,1,54.55,70.0,7,0,0,57.14,0.0,0,10.5,50.0,60.0,25.0,0,11.0,0,30.08,15.0,0.0,61.9,Developing / Squad,0,2.1
T Natarajan,61,Specialist Bowler,3,5,3.0,60.0,0,0,0.0,40.0,3,0,0,60.0,233.5,67,8.14,20.91,28.36,29.84,4,9.19,0,19.96,70.92,12.0,77.4,Core / Star,1,8.6
T Shamsi,5,Bowling Specialist,2,4,2.0,50.0,0,0,0.0,50.0,2,0,0,50.0,20.0,3,9.05,40.0,60.33,23.33,0,14.0,0,16.24,31.16,0.0,58.7,Developing / Squad,0,1.6
T Stubbs,17,Specialist Batter,405,239,36.82,169.46,26,26,64.2,26.78,71,6,3,234.78,4.2,4,9.5,6.25,7.0,36.0,0,10.5,0,96.16,15.0,7.5,82.3,Elite / Marquee,2,13.4
T Taibu,3,Squad Batter,31,26,10.33,119.23,3,0,38.71,34.62,15,0,0,150.0,0.0,0,10.5,50.0,60.0,25.0,0,11.0,0,53.11,15.0,0.0,68.7,Core / Star,1,3.9
T Thushara,6,Bowling Specialist,12,19,6.0,63.16,0,0,0.0,52.63,8,0,0,63.16,24.0,8,6.33,18.0,19.0,39.58,0,9.62,0,23.22,99.55,0.0,64.5,Developing / Squad,0,2.7
TA Boult,103,Specialist Bowler,83,82,10.38,101.22,5,3,45.78,46.34,17,0,0,102.7,404.7,121,7.75,20.07,25.93,40.61,9,10.09,6,47.07,81.84,51.0,87.0,Elite / Marquee,2,20.4
TG Southee,54,Specialist Bowler,120,108,9.23,111.11,8,4,46.67,43.52,36,1,0,130.86,210.3,47,8.0,26.85,35.79,35.42,4,9.6,1,50.63,63.56,16.0,76.9,Core / Star,1,8.2
TH David,35,Specialist Batter,659,417,28.65,158.03,38,46,64.95,33.57,46,10,0,175.32,0.0,0,10.5,50.0,60.0,25.0,0,11.0,1,82.99,15.0,4.0,79.8,Core / Star,1,10.7
TK Curran,13,Bowling Specialist,127,108,25.4,117.59,10,3,45.67,34.26,54,1,1,138.0,42.0,13,9.9,19.38,32.0,22.62,1,11.34,0,64.96,52.68,5.5,74.8,Core / Star,1,6.8
TL Seifert,3,Squad Batter,26,26,8.67,100.0,4,0,61.54,57.69,21,0,0,40.0,0.0,0,10.5,50.0,60.0,25.0,0,11.0,0,43.93,15.0,0.0,66.0,Developing / Squad,0,3.1
TL Suman,39,Specialist Batter,676,587,21.12,115.16,55,26,55.62,43.44,78,6,2,130.91,25.3,6,7.7,25.33,32.5,28.29,0,11.28,1,62.56,65.95,9.0,76.6,Core / Star,1,8.0
TM Dilshan,50,Specialist Batter,1153,1047,26.81,110.12,140,24,61.06,46.99,76,17,9,160.48,45.8,5,7.88,55.0,72.2,28.73,0,7.44,1,69.19,45.57,26.5,78.1,Core / Star,1,9.2
TM Head,25,Specialist Batter,772,458,36.76,168.56,76,40,70.47,31.88,102,12,6,169.49,9.7,2,11.69,29.0,56.5,15.52,0,9.0,3,92.27,15.0,27.0,82.9,Elite / Marquee,2,14.1
TM Srivastava,3,Squad Batter,8,11,8.0,72.73,0,0,0.0,45.45,7,0,0,85.71,0.0,0,10.5,50.0,60.0,25.0,0,11.0,0,28.56,15.0,0.0,61.4,Developing / Squad,0,2.0
TP Sudhindra,3,Bowling Specialist,0,0,5.0,60.0,0,0,0.0,60.0,0,0,0,100.0,12.3,1,10.7,74.0,132.0,24.32,0,13.36,0,24.51,15.16,0.0,60.2,Developing / Squad,0,1.8
TR Birt,5,Squad Batter,75,59,15.0,127.12,9,2,64.0,45.76,27,0,0,162.16,0.0,0,10.5,50.0,60.0,25.0,0,11.0,0,64.44,15.0,0.0,72.2,Core / Star,1,5.4
TS Mills,10,Bowling Specialist,8,14,2.0,57.14,0,1,75.0,78.57,6,0,0,66.67,36.3,11,9.03,19.82,29.82,31.65,1,9.49,0,34.06,65.04,3.0,66.1,Developing / Squad,0,3.1
TU Deshpande,36,Specialist Bowler,21,15,21.0,140.0,2,1,66.67,40.0,20,0,0,140.0,138.5,42,8.55,19.79,28.19,34.18,4,9.49,0,70.79,71.16,12.0,78.8,Core / Star,1,9.8
Tilak Varma,38,Specialist Batter,1156,830,39.86,139.28,90,58,61.25,34.82,84,20,6,164.09,3.8,0,9.5,45.0,55.0,34.78,0,10.5,0,86.03,15.0,15.0,80.4,Elite / Marquee,2,11.3
UBT Chand,20,Specialist Batter,300,314,15.0,95.54,32,9,60.67,54.14,58,3,1,157.89,0.0,0,10.5,50.0,60.0,25.0,0,11.0,0,56.54,15.0,2.5,70.7,Core / Star,1,4.7
UT Khawaja,6,Squad Batter,127,105,21.17,120.95,14,3,58.27,40.95,30,2,0,120.0,0.0,0,10.5,50.0,60.0,25.0,0,11.0,0,63.58,15.0,0.0,72.0,Core / Star,1,5.3
UT Yadav,147,Specialist Bowler,208,211,9.9,98.58,16,9,56.73,50.24,24,0,0,103.54,531.7,144,7.87,22.15,29.06,37.18,16,9.52,10,48.38,74.88,70.0,89.2,Elite / Marquee,2,24.5
Umar Gul,6,Bowling Specialist,39,19,13.0,205.26,1,5,87.18,42.11,24,0,0,205.26,25.5,12,6.51,12.75,13.83,33.33,2,8.83,1,87.84,104.83,10.0,84.4,Elite / Marquee,2,16.1
Umran Malik,26,Specialist Bowler,23,16,11.5,143.75,1,2,69.57,50.0,19,0,0,143.75,86.5,29,8.46,17.9,25.24,39.5,4,9.92,2,65.09,78.4,20.0,81.0,Elite / Marquee,2,11.9
V Kohli,244,Specialist Batter,8014,6236,38.71,128.51,708,273,55.78,35.25,113,115,64,178.28,44.0,4,8.05,66.0,88.5,19.7,0,12.22,18,82.75,39.35,70.0,92.7,Elite / Marquee,2,24.5
V Pratap Singh,9,Bowling Specialist,0,1,0.0,0.0,0,0,0.0,100.0,0,0,0,0.0,35.2,10,8.22,21.1,28.9,33.65,0,9.77,0,0.0,71.65,0.0,56.2,Developing / Squad,0,1.3
V Sehwag,104,Specialist Batter,2728,1833,27.56,148.83,334,106,72.29,40.21,122,35,18,208.57,23.0,6,10.13,23.0,38.83,31.88,0,13.64,11,84.09,47.97,70.0,90.0,Elite / Marquee,2,24.5
V Shankar,58,Specialist Batter,1115,890,25.34,125.28,80,45,52.91,35.06,63,10,6,160.13,43.0,9,7.51,28.67,35.89,31.01,0,6.94,0,69.71,62.71,15.0,79.1,Core / Star,1,10.0
V Viyaskanth,3,Bowling Specialist,7,5,7.0,140.0,0,0,0.0,0.0,7,0,0,140.0,10.0,1,8.6,60.0,86.0,26.67,0,9.8,0,46.57,37.34,0.0,68.0,Core / Star,1,3.7
VG Arora,20,Specialist Bowler,9,17,4.5,52.94,0,0,0.0,52.94,2,0,0,52.94,69.7,19,7.89,22.0,28.95,34.45,1,8.41,0,19.05,73.6,3.0,76.0,Core / Star,1,7.6
VR Aaron,50,Specialist Bowler,50,73,10.0,68.49,2,2,40.0,58.9,17,0,0,69.44,177.5,44,7.89,24.2,31.84,36.34,1,9.51,2,35.97,70.27,11.0,78.4,Core / Star,1,9.4
VR Iyer,49,Specialist Batter,1326,1000,31.57,132.6,121,61,64.1,40.5,104,19,12,128.17,14.0,3,10.0,28.0,46.67,17.86,0,9.09,3,75.99,32.54,42.0,80.3,Elite / Marquee,2,11.2
VRV Singh,18,Bowling Specialist,4,3,2.0,133.33,1,0,100.0,66.67,4,0,0,133.33,61.8,12,8.59,30.92,44.25,30.73,1,8.38,0,60.72,47.4,3.0,73.5,Core / Star,1,6.1
VS Malik,13,Bowling Specialist,7,7,7.0,100.0,1,0,57.14,42.86,6,0,0,100.0,35.3,6,7.19,35.33,42.33,39.62,0,10.5,0,46.25,57.91,0.0,69.5,Core / Star,1,4.2
VVS Laxman,20,Specialist Batter,282,271,14.84,104.06,33,5,57.45,45.39,52,4,1,50.0,0.0,0,10.5,50.0,60.0,25.0,0,11.0,0,49.55,15.0,2.5,68.6,Core / Star,1,3.9
VY Mahesh,17,Specialist Bowler,15,28,7.5,53.57,0,0,0.0,53.57,6,0,0,60.0,59.8,21,7.99,17.1,22.76,33.43,2,7.41,0,22.05,81.62,6.0,78.3,Core / Star,1,9.3
Vijaykumar Vyshak,11,Bowling Specialist,14,13,7.0,107.69,0,1,42.86,38.46,13,0,0,107.69,40.5,13,9.46,18.69,29.46,25.93,1,11.27,0,45.65,60.08,3.0,69.3,Core / Star,1,4.1
Vishnu Vinod,6,Squad Batter,56,58,9.33,96.55,3,3,53.57,46.55,30,1,0,109.09,0.0,0,10.5,50.0,60.0,25.0,0,11.0,0,47.27,15.0,0.0,67.2,Developing / Squad,0,3.4
W Jaffer,8,Squad Batter,130,129,16.25,100.78,14,3,56.92,49.61,50,2,1,120.0,0.0,0,10.5,50.0,60.0,25.0,0,11.0,0,55.07,15.0,2.5,69.6,Core / Star,1,4.3
WA Mota,8,Bowling Specialist,56,76,9.33,73.68,2,0,14.29,39.47,25,0,0,82.14,12.5,4,7.52,18.75,23.5,32.0,0,11.04,0,32.39,82.4,0.0,66.4,Developing / Squad,0,3.2
WD Parnell,33,Specialist Bowler,65,86,6.5,75.58,4,1,33.85,50.0,16,0,0,77.78,126.3,35,6.97,21.66,25.17,39.05,4,7.85,1,34.19,85.76,16.0,81.5,Elite / Marquee,2,12.4
WG Jacks,8,Squad Batter,230,133,32.86,172.93,16,18,74.78,36.09,100,3,2,560.0,9.2,2,10.69,27.5,49.0,20.0,0,9.8,1,100.84,15.0,9.0,83.7,Elite / Marquee,2,15.2
WP Saha,143,Specialist Batter,2934,2368,24.25,123.9,296,87,58.15,39.48,115,33,14,153.87,0.0,0,10.5,50.0,60.0,25.0,0,11.0,5,69.13,15.0,50.0,83.2,Elite / Marquee,2,14.5
WPUJC Vaas,13,Specialist Bowler,81,73,10.12,110.96,2,3,32.1,32.88,20,0,0,111.32,48.0,18,7.19,16.0,19.17,44.44,1,10.9,1,46.91,97.26,7.0,84.5,Elite / Marquee,2,16.3
Washington Sundar,58,Specialist Bowler,378,341,13.5,110.85,32,9,48.15,39.59,40,3,0,134.57,177.3,37,7.38,28.76,35.38,33.46,3,9.75,1,54.47,65.06,13.0,77.8,Core / Star,1,8.9
Y Nagar,20,Specialist Batter,285,271,20.36,105.17,20,9,47.02,41.7,44,1,0,132.59,12.0,4,9.75,18.0,29.25,22.22,0,9.8,0,58.19,56.67,0.0,73.4,Core / Star,1,6.0
Y Venugopal Rao,52,Specialist Batter,985,865,22.39,113.87,77,37,53.81,41.04,71,11,3,148.85,37.0,6,8.89,37.0,54.83,26.58,0,13.25,0,64.25,34.39,7.5,75.7,Core / Star,1,7.4
YA Abdulla,11,Specialist Bowler,0,1,0.0,0.0,0,0,0.0,100.0,0,0,0,0.0,37.0,15,7.95,14.8,19.6,39.64,3,10.22,0,0.0,89.6,9.0,79.2,Core / Star,1,10.1
YBK Jaiswal,52,Specialist Batter,1607,1095,32.14,146.76,199,64,73.43,41.92,124,23,11,200.0,0.2,0,9.5,45.0,55.0,0.0,0,10.5,5,86.79,15.0,47.5,83.6,Elite / Marquee,2,15.0
YK Pathan,153,All-Rounder,3222,2334,29.29,138.05,263,161,62.63,37.36,100,38,15,153.83,197.3,42,6.95,28.19,32.67,33.19,3,9.04,16,77.04,70.34,79.0,91.8,Elite / Marquee,2,24.5
YS Chahal,159,Specialist Bowler,37,89,5.29,41.57,0,0,0.0,64.04,8,0,0,50.0,604.7,205,7.41,17.7,21.84,32.91,20,8.65,6,16.96,85.99,54.0,89.2,Elite / Marquee,2,24.5
YV Dhull,3,Squad Batter,16,23,5.33,69.57,1,0,25.0,43.48,13,0,0,120.0,0.0,0,10.5,50.0,60.0,25.0,0,11.0,0,33.36,15.0,0.0,62.9,Developing / Squad,0,2.3
YV Takawale,10,Squad Batter,192,183,24.0,104.92,26,3,63.54,54.64,45,2,0,223.08,0.0,0,10.5,50.0,60.0,25.0,0,11.0,0,71.06,15.0,0.0,74.5,Core / Star,1,6.6
Yash Dayal,28,Specialist Bowler,0,1,0.0,0.0,0,0,0.0,100.0,0,0,0,0.0,102.5,28,8.57,21.96,31.36,35.12,2,8.53,0,0.0,67.22,6.0,73.5,Core / Star,1,6.1
Yash Thakur,19,Specialist Bowler,0,0,5.0,60.0,0,0,0.0,60.0,0,0,0,100.0,72.0,24,9.21,18.0,27.62,29.63,3,9.82,1,24.51,65.77,13.0,74.3,Core / Star,1,6.5
Yashpal Singh,4,Squad Batter,47,67,11.75,70.15,5,0,42.55,58.21,20,0,0,130.77,0.0,0,10.5,50.0,60.0,25.0,0,11.0,0,42.8,15.0,0.0,65.7,Developing / Squad,0,3.0
Yudhvir Singh,5,Bowling Specialist,22,16,5.5,137.5,1,2,72.73,50.0,14,0,0,166.67,12.3,4,9.41,18.5,29.0,37.84,0,12.0,0,61.4,66.9,0.0,74.0,Core / Star,1,6.3
Yuvraj Singh,126,All-Rounder,2754,2207,24.81,124.78,218,149,64.12,44.27,83,36,13,169.35,147.0,36,7.24,24.5,29.56,29.25,4,7.95,5,72.12,72.64,62.0,86.3,Elite / Marquee,2,23.9
Z Khan,99,Specialist Bowler,117,141,8.36,82.98,11,2,47.86,52.48,23,0,0,99.08,379.3,102,7.09,22.31,26.38,38.36,9,8.7,1,41.66,82.96,31.0,84.6,Elite / Marquee,2,16.4
